#
# A fatal error has been detected by the Java Runtime Environment:
#
#  EXCEPTION_ACCESS_VIOLATION (0xc0000005) at pc=0x0000000000000000, pid=22464, tid=20376
#
# JRE version: OpenJDK Runtime Environment (21.0.6) (build 21.0.6+-13391695-b895.109)
# Java VM: OpenJDK 64-Bit Server VM (21.0.6+-13391695-b895.109, mixed mode, tiered, compressed oops, compressed class ptrs, g1 gc, windows-amd64)
# Problematic frame:
# C  [atio6axx.dll+0x7dad9f]
#
# No core dump will be written. Minidumps are not enabled by default on client versions of Windows
#
# If you would like to submit a bug report, please visit:
#   https://youtrack.jetbrains.com/issues/JBR
# The crash happened outside the Java Virtual Machine in native code.
# See problematic frame for where to report the bug.
#

---------------  S U M M A R Y ------------

Command Line: -Dskiko.renderApi=OPENGL -Dcompose.reload.orchestration.port=57211 -Dcompose.reload.pidFile=C:\Projects\listen\composeApp\build\run\jvmMain\jvmMain.pid -Dcompose.reload.argfile=C:\Projects\listen\composeApp\build\run\jvmMain\jvmMain.argfile -Dcompose.reload.mainClass=com.github.kelvenfellipe.listen.MainKt -Dcompose.reload.buildSystem=Gradle -Dorg.gradle.java.home=C:\Program Files\Android\Android Studio\jbr -Dgradle.build.root=C:\Projects\listen -Dgradle.build.project=:composeApp -Dgradle.build.task=hotReloadJvmMain -Dcompose.reload.build.continuous=true -Dcompose.reload.devToolsEnabled=true -Dcompose.reload.devToolsHeadless=false -Dcompose.reload.devToolsTransparencyEnabled=true -Dcompose.reload.devToolsDetached=false -Dcompose.reload.parentPid=15368 -Dcompose.reload.launchMode=GradleBlocking -Dcompose.reload.logLevel=Info -Dcompose.reload.logStdout=false -Dcompose.reload.resourcesDirtyResolverEnabled=false org.jetbrains.compose.devtools.Main

Host: AMD Ryzen 5 1600 Six-Core Processor            , 12 cores, 15G,  Windows 11 , 64 bit Build 26100 (10.0.26100.6725)
Time: Sat Oct 25 14:45:36 2025 E. South America Standard Time elapsed time: 23.423193 seconds (0d 0h 0m 23s)

---------------  T H R E A D  ---------------

Current thread (0x000001d7e3eba5b0):  JavaThread "AWT-EventQueue-0"        [_thread_in_native, id=20376, stack(0x000000c9fb700000,0x000000c9fb800000) (1024K)]

Stack: [0x000000c9fb700000,0x000000c9fb800000],  sp=0x000000c9fb7fee80,  free space=1019k
Native frames: (J=compiled Java code, j=interpreted, Vv=VM code, C=native code)

Java frames: (J=compiled Java code, j=interpreted, Vv=VM code)
J 3312  org.jetbrains.skiko.redrawer.WindowsOpenGLRedrawerKt.makeCurrent(JJ)V (0 bytes) @ 0x000001d7ce98481c [0x000001d7ce9847c0+0x000000000000005c]
J 4096 c1 org.jetbrains.skiko.redrawer.WindowsOpenGLRedrawer$Companion$frameDispatcher$1.invokeSuspend(Ljava/lang/Object;)Ljava/lang/Object; (379 bytes) @ 0x000001d7c757ccbc [0x000001d7c757ba20+0x000000000000129c]
J 4455 c1 org.jetbrains.skiko.redrawer.WindowsOpenGLRedrawer$Companion$frameDispatcher$1.invoke(Ljava/lang/Object;)Ljava/lang/Object; (9 bytes) @ 0x000001d7c76c9ff4 [0x000001d7c76c9aa0+0x0000000000000554]
J 4312 c1 org.jetbrains.skiko.FrameDispatcher$job$1.invokeSuspend(Ljava/lang/Object;)Ljava/lang/Object; (156 bytes) @ 0x000001d7c763b5a4 [0x000001d7c763ab60+0x0000000000000a44]
J 4106 c2 kotlin.coroutines.jvm.internal.BaseContinuationImpl.resumeWith(Ljava/lang/Object;)V (124 bytes) @ 0x000001d7ce9c51a4 [0x000001d7ce9c5140+0x0000000000000064]
J 4310 c2 kotlinx.coroutines.DispatchedTask.run()V (387 bytes) @ 0x000001d7ce9d6698 [0x000001d7ce9d6320+0x0000000000000378]
J 4491 c2 java.awt.EventQueue.dispatchEvent(Ljava/awt/AWTEvent;)V java.desktop@21.0.6 (80 bytes) @ 0x000001d7ce9fc430 [0x000001d7ce9fbea0+0x0000000000000590]
J 4580 c2 java.awt.EventDispatchThread.pumpOneEventForFilters(I)V java.desktop@21.0.6 (106 bytes) @ 0x000001d7cea20e40 [0x000001d7cea20a80+0x00000000000003c0]
j  java.awt.EventDispatchThread.pumpEventsForFilter(ILjava/awt/Conditional;Ljava/awt/EventFilter;)V+35 java.desktop@21.0.6
j  java.awt.EventDispatchThread.pumpEventsForHierarchy(ILjava/awt/Conditional;Ljava/awt/Component;)V+11 java.desktop@21.0.6
j  java.awt.EventDispatchThread.pumpEvents(ILjava/awt/Conditional;)V+4 java.desktop@21.0.6
j  java.awt.EventDispatchThread.pumpEvents(Ljava/awt/Conditional;)V+3 java.desktop@21.0.6
j  java.awt.EventDispatchThread.run()V+18 java.desktop@21.0.6
v  ~StubRoutines::call_stub 0x000001d7ce2c100d

siginfo: EXCEPTION_ACCESS_VIOLATION (0xc0000005), data execution prevention violation at address 0x0000000000000000


Registers:
RAX=0x000001d7e4b0ebe0, RBX=0x000001d7eff83080, RCX=0x000001d7ef36bbf8, RDX=0x00000000000001b8
RSP=0x000000c9fb7fee78, RBP=0x0000000000010001, RSI=0x0000000700de8888, RDI=0x000001d7ef36bbf8
R8 =0x000001d7e40cf190, R9 =0x000001d7e47240e0, R10=0x00007fff0d345780, R11=0x0000000000000001
R12=0x0000000000000000, R13=0x00000000e1199b4f, R14=0x000000c9fb7fef70, R15=0x000001d7e3eba5b0
RIP=0x0000000000000000, EFLAGS=0x0000000000010202

XMM[0]=0x0000000000000000 0x0000000000000000
XMM[1]=0x000000010000001c 0x0000004300000002
XMM[2]=0x0000000000000000 0x3ff0000000000000
XMM[3]=0x0000000000000000 0x3ff8000000000000
XMM[4]=0x00000000ff000000 0x4212000041e00000
XMM[5]=0x00824b70ba080000 0x0002000000030000
XMM[6]=0x0000000000000000 0x0000000041000000
XMM[7]=0x0000000000000000 0x0000000000000000
XMM[8]=0x0000000000000000 0x0000000000000001
XMM[9]=0x0000000000000000 0x0000000041000000
XMM[10]=0x0000000000000000 0x00000000e01b64ef
XMM[11]=0x0000000000000000 0x000000003b9aca00
XMM[12]=0x0000000000000000 0x00000000e02c9640
XMM[13]=0x0000000000000000 0x00000000e01b64f3
XMM[14]=0x0000000000000000 0x0000000000000001
XMM[15]=0x0000000000000000 0x00000000000001a9
  MXCSR=0x00001fa5


Register to memory mapping:

RAX=0x000001d7e4b0ebe0 points into unknown readable memory: 0x000001d7e35ea630 | 30 a6 5e e3 d7 01 00 00
RBX=0x000001d7eff83080 points into unknown readable memory: 0x00007fff043da598 | 98 a5 3d 04 ff 7f 00 00
RCX=0x000001d7ef36bbf8 points into unknown readable memory: 0x000001d7f0c9be00 | 00 be c9 f0 d7 01 00 00
RDX=0x00000000000001b8 is an unknown value
RSP=0x000000c9fb7fee78 is pointing into the stack for thread: 0x000001d7e3eba5b0
RBP=0x0000000000010001 is an unknown value
RSI=0x0000000700de8888 is an oop: org.jetbrains.skiko.redrawer.WindowsOpenGLRedrawer 
{0x0000000700de8888} - klass: 'org/jetbrains/skiko/redrawer/WindowsOpenGLRedrawer'
 - ---- fields (total size 8 words):
 - private 'isFirstFrameRendered' 'Z' @12  true (0x01)
 - private 'isDisposed' 'Z' @13  false (0x00)
 - private final 'layer' 'Lorg/jetbrains/skiko/SkiaLayer;' @16  a 'androidx/compose/ui/scene/skia/WindowSkiaLayerComponent$contentComponent$1'{0x0000000700da9e40} (0xe01b53c8)
 - private final 'analytics' 'Lorg/jetbrains/skiko/SkiaLayerAnalytics;' @20  a 'org/jetbrains/skiko/SkiaLayerAnalytics$Companion$Empty$1'{0x0000000700c2c240} (0xe0185848)
 - private final 'graphicsApi' 'Lorg/jetbrains/skiko/GraphicsApi;' @24  a 'org/jetbrains/skiko/GraphicsApi'{0x0000000700ff62a0} (0xe01fec54)
 - private final 'rendererAnalytics' 'Lorg/jetbrains/skiko/SkiaLayerAnalytics$RendererAnalytics;' @28  a 'org/jetbrains/skiko/SkiaLayerAnalytics$RendererAnalytics$Companion$Empty$1'{0x0000000700d28900} (0xe01a5120)
 - private 'deviceAnalytics' 'Lorg/jetbrains/skiko/SkiaLayerAnalytics$DeviceAnalytics;' @32  a 'org/jetbrains/skiko/SkiaLayerAnalytics$DeviceAnalytics$Companion$Empty$1'{0x0000000700d23e40} (0xe01a47c8)
 - private final 'layer' 'Lorg/jetbrains/skiko/SkiaLayer;' @36  a 'androidx/compose/ui/scene/skia/WindowSkiaLayerComponent$contentComponent$1'{0x0000000700da9e40} (0xe01b53c8)
 - private final 'device' 'J' @40  -16708230 (0xffffffffff010d7a)
 - private final 'context' 'J' @48  65537 (0x0000000000010001)
 - private final 'properties' 'Lorg/jetbrains/skiko/SkiaLayerProperties;' @56  a 'org/jetbrains/skiko/SkiaLayerProperties'{0x0000000700de88c8} (0xe01bd119)
 - private final 'contextHandler' 'Lorg/jetbrains/skiko/context/OpenGLContextHandler;' @60  a 'org/jetbrains/skiko/context/OpenGLContextHandler'{0x0000000700de88e8} (0xe01bd11d)
RDI=0x000001d7ef36bbf8 points into unknown readable memory: 0x000001d7f0c9be00 | 00 be c9 f0 d7 01 00 00
R8 =0x000001d7e40cf190 points into unknown readable memory: 0x8000002f00000000 | 00 00 00 00 2f 00 00 80
R9 =0x000001d7e47240e0 points into unknown readable memory: 0x000001d7e350f120 | 20 f1 50 e3 d7 01 00 00
R10=0x00007fff0d345780 jvm.dll
R11=0x0000000000000001 is an unknown value
R12=0x0 is null
R13=3776551759 is a compressed pointer to object: java.util.LinkedHashMap$Entry 
{0x0000000708ccda78} - klass: 'java/util/LinkedHashMap$Entry'
 - ---- fields (total size 5 words):
 - final 'hash' 'I' @12  366444727 (0x15d780b7)
 - final 'key' 'Ljava/lang/Object;' @16  a 'org/jetbrains/skiko/redrawer/WindowsOpenGLRedrawer'{0x0000000700de8888} (0xe01bd111)
 - 'value' 'Ljava/lang/Object;' @20  a 'java/lang/Object'{0x0000000700a55650} (0xe014aaca)
 - 'next' 'Ljava/util/HashMap$Node;' @24  null (0x00000000)
 - 'before' 'Ljava/util/LinkedHashMap$Entry;' @28  a 'java/util/LinkedHashMap$Entry'{0x0000000708ccda50} (0xe1199b4a)
 - 'after' 'Ljava/util/LinkedHashMap$Entry;' @32  null (0x00000000)
R14=0x000000c9fb7fef70 is pointing into the stack for thread: 0x000001d7e3eba5b0
R15=0x000001d7e3eba5b0 is a thread

Top of Stack: (sp=0x000000c9fb7fee78)
0x000000c9fb7fee78:   00007fff01b5ad9f 0000000000000000
0x000000c9fb7fee88:   0000000700dc6880 0000000000000009
0x000000c9fb7fee98:   00000000e1199b4a 0000000700d00000
0x000000c9fb7feea8:   000001d7eee494e8 ffffffffff010d7a
0x000000c9fb7feeb8:   00007fff372b50b1 000001d7eff83080
0x000000c9fb7feec8:   00000000000023ec 0000000000000002
0x000000c9fb7feed8:   000000c9fb7fef70 0000000000000000
0x000000c9fb7feee8:   0000000000000000 0000000000000000
0x000000c9fb7feef8:   0000000000000000 0000000700d29408
0x000000c9fb7fef08:   000001d7e110e348 000000c9fb7fef80
0x000000c9fb7fef18:   000001d7ce9848b7 0000000700d0c6b8
0x000000c9fb7fef28:   000001d7ce9ef714 0000000000000000
0x000000c9fb7fef38:   0000000000000000 0000000700ffe948
0x000000c9fb7fef48:   0000000700d29448 0000000708cd29e8
0x000000c9fb7fef58:   00007fff0ce7b38f 000000000000000f
0x000000c9fb7fef68:   0000000700d29348 0000000700d280d0
0x000000c9fb7fef78:   0000000708cd29e8 0000000700d0c6b8
0x000000c9fb7fef88:   000001d7c757ccbc 0000000708cd29e8
0x000000c9fb7fef98:   0000000000000000 0000000708cc8500
0x000000c9fb7fefa8:   0000000000000000 000001d7e3eba500
0x000000c9fb7fefb8:   0000000700d0c788 0000000708ff9da0
0x000000c9fb7fefc8:   00000000000004bd 0000000000000025
0x000000c9fb7fefd8:   0000000000000000 0000010000000000
0x000000c9fb7fefe8:   0000000708d124c0 0000000700a01ba0
0x000000c9fb7feff8:   000001d7cea46fcc 000001d7e35a8678
0x000000c9fb7ff008:   000000c9fb7ff300 000000c9fb7ff300
0x000000c9fb7ff018:   000001d7e35a8670 000000c9fb7fdb00
0x000000c9fb7ff028:   0000000708ff9da0 000001d70000001c
0x000000c9fb7ff038:   0000000700d0c788 000001d7dea694b0
0x000000c9fb7ff048:   00000000000003d8 000000c9fb7ff300
0x000000c9fb7ff058:   0000000700d29338 0000000708ccda10
0x000000c9fb7ff068:   0000000708ccdaa0 0000408f553c3578 

Instructions: (pc=0x00007fff01b5ad9f)
0x00007fff01b5ac9f:   dd ff 40 84 f6 74 7a 48 8b 07 48 8b cf 48 8b 93
0x00007fff01b5acaf:   98 00 00 00 ff 90 00 01 00 00 eb 65 b8 f3 01 00
0x00007fff01b5acbf:   00 66 44 3b f8 75 26 44 0f b6 44 24 70 48 8d 54
0x00007fff01b5accf:   24 20 48 8b cb 89 44 24 20 c7 44 24 24 10 00 00
0x00007fff01b5acdf:   00 4c 89 64 24 28 e8 c6 06 00 00 eb 34 bd d7 06
0x00007fff01b5acef:   00 00 66 44 3b fd 75 29 44 0f b6 44 24 70 48 8d
0x00007fff01b5acff:   54 24 20 48 8b cb 89 6c 24 20 c7 44 24 24 18 00
0x00007fff01b5ad0f:   00 00 4c 89 64 24 28 4c 89 64 24 30 e8 e0 19 de
0x00007fff01b5ad1f:   ff 4c 8b 74 24 40 48 8b b4 24 80 00 00 00 48 8b
0x00007fff01b5ad2f:   6c 24 78 48 83 c4 48 41 5f 41 5c 5f 5b c3 cc cc
0x00007fff01b5ad3f:   cc 48 89 5c 24 10 57 48 83 ec 30 8b 0d a4 2c 2f
0x00007fff01b5ad4f:   03 65 48 8b 04 25 58 00 00 00 bb b0 01 00 00 48
0x00007fff01b5ad5f:   8b 04 c8 48 8b 1c 03 48 89 5c 24 40 48 8b 8b b0
0x00007fff01b5ad6f:   00 00 00 0f b6 83 a8 00 00 00 88 44 24 20 c6 44
0x00007fff01b5ad7f:   24 21 00 48 89 4c 24 28 48 8b bb d8 00 00 00 48
0x00007fff01b5ad8f:   85 ff 74 11 48 8b 07 48 8b cf ff 90 b0 00 00 00
0x00007fff01b5ad9f:   0f b6 d0 eb 02 32 d2 48 8b 83 30 c4 00 00 83 78
0x00007fff01b5adaf:   0c 00 75 0d f6 80 08 01 00 00 03 74 04 b1 01 eb
0x00007fff01b5adbf:   02 32 c9 48 8b 05 0f 5c 39 03 80 b8 ec 15 00 00
0x00007fff01b5adcf:   00 74 0d 48 85 ff 74 16 84 d2 75 04 84 c9 74 0e
0x00007fff01b5addf:   ba f3 01 00 00 48 8b cb e8 44 fd ff ff 90 c7 83
0x00007fff01b5adef:   70 9b 00 00 00 00 00 00 66 c7 83 74 9b 00 00 da
0x00007fff01b5adff:   00 48 8b 5c 24 48 48 83 c4 30 5f c3 cc cc cc cc
0x00007fff01b5ae0f:   cc 48 89 11 48 8b c1 c3 cc cc cc cc cc cc cc cc
0x00007fff01b5ae1f:   cc 48 8b 01 c7 80 70 9b 00 00 00 00 00 00 66 c7
0x00007fff01b5ae2f:   80 74 9b 00 00 da 00 c3 cc cc cc cc cc cc cc cc
0x00007fff01b5ae3f:   cc 40 53 48 83 ec 30 8b 0d a8 2b 2f 03 65 48 8b
0x00007fff01b5ae4f:   04 25 58 00 00 00 bb b0 01 00 00 48 8b 04 c8 48
0x00007fff01b5ae5f:   8b 1c 03 48 89 5c 24 48 48 8b 8b b0 00 00 00 0f
0x00007fff01b5ae6f:   b6 83 a8 00 00 00 88 44 24 20 c6 44 24 21 00 48
0x00007fff01b5ae7f:   89 4c 24 28 ba d7 06 00 00 48 8b cb e8 a0 fc ff
0x00007fff01b5ae8f:   ff 90 c7 83 70 9b 00 00 00 00 00 00 66 c7 83 74 


Stack slot to memory mapping:

stack at sp + 0 slots: 0x0 is null
stack at sp + 1 slots: 0x0000000700dc6880 is an oop: org.jetbrains.skia.DirectContext 
{0x0000000700dc6880} - klass: 'org/jetbrains/skia/DirectContext'
 - ---- fields (total size 3 words):
 - private '_ptr' 'J' @16  2026944204400 (0x000001d7ef4a0e70)
 - private 'cleanable' 'Lorg/jetbrains/skia/impl/Cleanable;' @12  a 'org/jetbrains/skia/impl/CleanableImpl'{0x0000000700dc6898} (0xe01b8d13)
stack at sp + 2 slots: 0x0000000000000009 is an unknown value
stack at sp + 3 slots: 3776551754 is a compressed pointer to object: java.util.LinkedHashMap$Entry 
{0x0000000708ccda50} - klass: 'java/util/LinkedHashMap$Entry'
 - ---- fields (total size 5 words):
 - final 'hash' 'I' @12  534175684 (0x1fd6dfc4)
 - final 'key' 'Ljava/lang/Object;' @16  a 'org/jetbrains/skiko/redrawer/WindowsOpenGLRedrawer'{0x0000000700d29408} (0xe01a5281)
 - 'value' 'Ljava/lang/Object;' @20  a 'java/lang/Object'{0x0000000700a55650} (0xe014aaca)
 - 'next' 'Ljava/util/HashMap$Node;' @24  null (0x00000000)
 - 'before' 'Ljava/util/LinkedHashMap$Entry;' @28  null (0x00000000)
 - 'after' 'Ljava/util/LinkedHashMap$Entry;' @32  a 'java/util/LinkedHashMap$Entry'{0x0000000708ccda78} (0xe1199b4f)
stack at sp + 4 slots: 0x0000000700d00000 is pointing into object: [B 
{0x0000000700cfffb0} - klass: {type array byte}
 - length: 65
stack at sp + 5 slots: 0x000001d7eee494e8 points into unknown readable memory: 0x00007fff043da568 | 68 a5 3d 04 ff 7f 00 00
stack at sp + 6 slots: 0xffffffffff010d7a is an unknown value
stack at sp + 7 slots: 0x00007fff372b50b1 opengl32.dll


Compiled method (n/a) 23580 3312     n 0       org.jetbrains.skiko.redrawer.WindowsOpenGLRedrawerKt::makeCurrent (native)
 total in heap  [0x000001d7ce984610,0x000001d7ce9849e8] = 984
 relocation     [0x000001d7ce984770,0x000001d7ce9847a8] = 56
 main code      [0x000001d7ce9847c0,0x000001d7ce9849db] = 539
 stub code      [0x000001d7ce9849db,0x000001d7ce9849e0] = 5
 oops           [0x000001d7ce9849e0,0x000001d7ce9849e8] = 8

[Constant Pool (empty)]

[MachCode]
[Entry Point]
  # {method} {0x000001d7e0b27800} 'makeCurrent' '(JJ)V' in 'org/jetbrains/skiko/redrawer/WindowsOpenGLRedrawerKt'
  # parm0:    rdx:rdx   = long
  # parm1:    r8:r8     = long
  #           [sp+0x70]  (sp of caller)
  0x000001d7ce9847c0: 448b 5208 | 49bb 0000 | 0000 0800 | 0000 4d03 | d349 3bc2 | 0f84 0600 

  0x000001d7ce9847d8: ;   {runtime_call ic_miss_stub}
  0x000001d7ce9847d8: 0000 e9a1 | 9f98 ff90 
[Verified Entry Point]
  0x000001d7ce9847e0: 8984 2400 | 80ff ff55 | 488b ec48 | 83ec 6090 | 4181 7f20 | 0700 0000 

  0x000001d7ce9847f8: ;   {runtime_call StubRoutines (final stubs)}
  0x000001d7ce9847f8: 7405 e861 | 5397 ff4d | 8bc8 4c8b 

  0x000001d7ce984804: ;   {oop(a 'java/lang/Class'{0x0000000700d280d0} = 'org/jetbrains/skiko/redrawer/WindowsOpenGLRedrawerKt')}
  0x000001d7ce984804: c249 bed0 | 80d2 0007 | 0000 004c | 8974 2450 | 4c8d 7424 | 5049 8bd6 

  0x000001d7ce98481c: ;   {internal_word}
  0x000001d7ce98481c: c5f8 7749 | ba1c 4898 | ced7 0100 | 004d 8997 | a003 0000 | 4989 a798 

  0x000001d7ce984834: ;   {external_word}
  0x000001d7ce984834: 0300 0049 | ba80 5734 | 0dff 7f00 | 0041 803a | 000f 844e | 0000 0052 | 4150 4151 

  0x000001d7ce984850: ;   {metadata({method} {0x000001d7e0b27800} 'makeCurrent' '(JJ)V' in 'org/jetbrains/skiko/redrawer/WindowsOpenGLRedrawerKt')}
  0x000001d7ce984850: 48ba f877 | b2e0 d701 | 0000 498b | cf48 83ec | 2040 f6c4 | 0f0f 8419 | 0000 0048 

  0x000001d7ce98486c: ;   {runtime_call}
  0x000001d7ce98486c: 83ec 0848 | b850 77ee | 0cff 7f00 | 00ff d048 | 83c4 08e9 | 0c00 0000 

  0x000001d7ce984884: ;   {runtime_call}
  0x000001d7ce984884: 48b8 5077 | ee0c ff7f | 0000 ffd0 | 4883 c420 | 4159 4158 | 5a49 8d8f | b803 0000 | 41c7 8744 
  0x000001d7ce9848a4: 0400 0004 

  0x000001d7ce9848a8: ;   {runtime_call}
  0x000001d7ce9848a8: 0000 0048 | b8a0 9f2c | f4fe 7f00 | 00ff d0c5 | f877 41c7 | 8744 0400 | 0005 0000 | 00f0 8344 
  0x000001d7ce9848c8: 24c0 0049 | 3baf 4804 | 0000 0f87 | 0e00 0000 | 4183 bf40 | 0400 0000 | 0f84 2300 | 0000 c5f8 
  0x000001d7ce9848e8: 7749 8bcf | 4c8b e448 | 83ec 2048 

  0x000001d7ce9848f4: ;   {runtime_call}
  0x000001d7ce9848f4: 83e4 f048 | b820 dcb9 | 0cff 7f00 | 00ff d049 | 8be4 4d33 | e441 c787 | 4404 0000 | 0800 0000 
  0x000001d7ce984914: 4183 bfc0 | 0400 0002 | 0f84 9400 

  0x000001d7ce984920: ;   {external_word}
  0x000001d7ce984920: 0000 49ba | 8057 340d | ff7f 0000 | 4180 3a00 | 0f84 4400 

  0x000001d7ce984934: ;   {metadata({method} {0x000001d7e0b27800} 'makeCurrent' '(JJ)V' in 'org/jetbrains/skiko/redrawer/WindowsOpenGLRedrawerKt')}
  0x000001d7ce984934: 0000 48ba | f877 b2e0 | d701 0000 | 498b cf48 | 83ec 2040 | f6c4 0f0f | 8419 0000 | 0048 83ec 
  0x000001d7ce984954: ;   {runtime_call}
  0x000001d7ce984954: 0848 b850 | 77ee 0cff | 7f00 00ff | d048 83c4 | 08e9 0c00 

  0x000001d7ce984968: ;   {runtime_call}
  0x000001d7ce984968: 0000 48b8 | 5077 ee0c | ff7f 0000 | ffd0 4883 | c420 49c7 | 8798 0300 | 0000 0000 | 0049 c787 
  0x000001d7ce984988: a003 0000 | 0000 0000 | c5f8 7749 | 8b8f 2804 | 0000 c781 | 0001 0000 | 0000 0000 | c949 837f 
  0x000001d7ce9849a8: 0800 0f85 | 0100 0000 

  0x000001d7ce9849b0: ;   {runtime_call StubRoutines (initial stubs)}
  0x000001d7ce9849b0: c3e9 4ac5 | 93ff c5f8 | 774c 8be4 | 4883 ec20 | 4883 e4f0 

  0x000001d7ce9849c4: ;   {runtime_call}
  0x000001d7ce9849c4: 48b8 f0ae | ee0c ff7f | 0000 ffd0 | 498b e44d | 33e4 e947 | ffff fff4 | f4f4 f4f4 
[/MachCode]


Compiled method (c1) 23590 4096   !   3       org.jetbrains.skiko.redrawer.WindowsOpenGLRedrawer$Companion$frameDispatcher$1::invokeSuspend (379 bytes)
 total in heap  [0x000001d7c757b390,0x000001d7c7580808] = 21624
 relocation     [0x000001d7c757b4f0,0x000001d7c757ba08] = 1304
 main code      [0x000001d7c757ba20,0x000001d7c757f3b0] = 14736
 stub code      [0x000001d7c757f3b0,0x000001d7c757f4f0] = 320
 oops           [0x000001d7c757f4f0,0x000001d7c757f520] = 48
 metadata       [0x000001d7c757f520,0x000001d7c757f618] = 248
 scopes data    [0x000001d7c757f618,0x000001d7c757fed0] = 2232
 scopes pcs     [0x000001d7c757fed0,0x000001d7c75806f0] = 2080
 dependencies   [0x000001d7c75806f0,0x000001d7c7580730] = 64
 handler table  [0x000001d7c7580730,0x000001d7c7580760] = 48
 nul chk table  [0x000001d7c7580760,0x000001d7c7580808] = 168

[Constant Pool (empty)]

[MachCode]
[Entry Point]
  # {method} {0x000001d7e0b1bde8} 'invokeSuspend' '(Ljava/lang/Object;)Ljava/lang/Object;' in 'org/jetbrains/skiko/redrawer/WindowsOpenGLRedrawer$Companion$frameDispatcher$1'
  # this:     rdx:rdx   = 'org/jetbrains/skiko/redrawer/WindowsOpenGLRedrawer$Companion$frameDispatcher$1'
  # parm0:    r8:r8     = 'java/lang/Object'
  #           [sp+0x130]  (sp of caller)
  0x000001d7c757ba20: 448b 5208 | 49bb 0000 | 0000 0800 | 0000 4d03 | d34c 3bd0 

  0x000001d7c757ba34: ;   {runtime_call ic_miss_stub}
  0x000001d7c757ba34: 0f85 462d | d906 660f | 1f44 0000 
[Verified Entry Point]
  0x000001d7c757ba40: 8984 2400 | 80ff ff55 | 4881 ec20 | 0100 0090 | 4181 7f20 | 0700 0000 

  0x000001d7c757ba58: ;   {runtime_call StubRoutines (final stubs)}
  0x000001d7c757ba58: 7405 e801 

  0x000001d7c757ba5c: ;   {metadata(method data for {method} {0x000001d7e0b1bde8} 'invokeSuspend' '(Ljava/lang/Object;)Ljava/lang/Object;' in 'org/jetbrains/skiko/redrawer/WindowsOpenGLRedrawer$Companion$frameDispatcher$1')}
  0x000001d7c757ba5c: e1d7 0648 | bea8 3615 | e1d7 0100 | 008b becc | 0000 0083 | c702 89be | cc00 0000 | 81e7 fe07 
  0x000001d7c757ba7c: 0000 85ff | 0f84 7b2d 

  0x000001d7c757ba84: ;   {metadata(method data for {method} {0x000001d7e0b1bde8} 'invokeSuspend' '(Ljava/lang/Object;)Ljava/lang/Object;' in 'org/jetbrains/skiko/redrawer/WindowsOpenGLRedrawer$Companion$frameDispatcher$1')}
  0x000001d7c757ba84: 0000 48be | a836 15e1 | d701 0000 | 4883 8610 | 0100 0001 

  0x000001d7c757ba98: ;   {metadata(method data for {method} {0x000001d7dfb73a68} 'getCOROUTINE_SUSPENDED' '()Ljava/lang/Object;' in 'kotlin/coroutines/intrinsics/IntrinsicsKt__IntrinsicsKt')}
  0x000001d7c757ba98: 48be c0ed | e8df d701 | 0000 8bbe | cc00 0000 | 83c7 0289 | becc 0000 | 0081 e7fe | ff1f 0085 
  0x000001d7c757bab8: ff0f 8463 | 2d00 008b 

  0x000001d7c757bac0: ;   {metadata(method data for {method} {0x000001d7e0b1bde8} 'invokeSuspend' '(Ljava/lang/Object;)Ljava/lang/Object;' in 'org/jetbrains/skiko/redrawer/WindowsOpenGLRedrawer$Companion$frameDispatcher$1')}
  0x000001d7c757bac0: 721c 48bf | a836 15e1 | d701 0000 | 48c7 c328 | 0100 0085 | f648 8bc3 | 48c7 c338 | 0100 0048 
  0x000001d7c757bae0: 0f45 d883 | fe01 488b | c348 c7c3 | 4801 0000 | 480f 45d8 | 488b 041f | 49c7 c201 | 0000 0049 
  0x000001d7c757bb00: 03c2 4889 | 041f 85f6 | 0f84 6a01 | 0000 83fe | 010f 8546 

  0x000001d7c757bb14: ;   {metadata(method data for {method} {0x000001d7e0b1bde8} 'invokeSuspend' '(Ljava/lang/Object;)Ljava/lang/Object;' in 'org/jetbrains/skiko/redrawer/WindowsOpenGLRedrawer$Companion$frameDispatcher$1')}
  0x000001d7c757bb14: 2c00 0048 | baa8 3615 | e1d7 0100 | 0048 8382 | a00a 0000 

  0x000001d7c757bb28: ;   {metadata(method data for {method} {0x000001d7df53a700} 'throwOnFailure' '(Ljava/lang/Object;)V' in 'kotlin/ResultKt')}
  0x000001d7c757bb28: 0148 ba88 | 18ed dfd7 | 0100 008b | b2cc 0000 | 0083 c602 | 89b2 cc00 | 0000 81e6 | feff 1f00 
  0x000001d7c757bb48: 85f6 0f84 | f32c 0000 | 4d85 c075 

  0x000001d7c757bb54: ;   {metadata(method data for {method} {0x000001d7df53a700} 'throwOnFailure' '(Ljava/lang/Object;)V' in 'kotlin/ResultKt')}
  0x000001d7c757bb54: 1648 bf88 | 18ed dfd7 | 0100 0080 | 8f09 0100 | 0001 e9ce 

  0x000001d7c757bb68: ;   {metadata('kotlin/Result$Failure')}
  0x000001d7c757bb68: 0000 0048 | bb00 200c | 0008 0000 | 0041 8b70 | 0849 ba00 | 0000 0008 | 0000 0049 | 03f2 483b 
  0x000001d7c757bb88: de0f 858e 

  0x000001d7c757bb8c: ;   {metadata(method data for {method} {0x000001d7df53a700} 'throwOnFailure' '(Ljava/lang/Object;)V' in 'kotlin/ResultKt')}
  0x000001d7c757bb8c: 0000 0048 | bf88 18ed | dfd7 0100 | 0041 8b58 | 0849 ba00 | 0000 0008 | 0000 0049 | 03da 483b 
  0x000001d7c757bbac: 9f20 0100 | 0075 0d48 | 8387 2801 | 0000 01e9 | 7e00 0000 | 483b 9f30 | 0100 0075 | 0d48 8387 
  0x000001d7c757bbcc: 3801 0000 | 01e9 6800 | 0000 4883 | bf20 0100 | 0000 7517 | 4889 9f20 | 0100 0048 | c787 2801 
  0x000001d7c757bbec: 0000 0100 | 0000 e947 | 0000 0048 | 83bf 3001 | 0000 0075 | 1748 899f | 3001 0000 | 48c7 8738 
  0x000001d7c757bc0c: 0100 0001 | 0000 00e9 | 2600 0000 | e921 0000 

  0x000001d7c757bc1c: ;   {metadata(method data for {method} {0x000001d7df53a700} 'throwOnFailure' '(Ljava/lang/Object;)V' in 'kotlin/ResultKt')}
  0x000001d7c757bc1c: 0048 bf88 | 18ed dfd7 | 0100 0048 | 83af 1001 | 0000 01e9 | 0500 0000 | e905 0000 | 0048 33d2 
  0x000001d7c757bc3c: eb07 48c7 | c201 0000 

  0x000001d7c757bc44: ;   {metadata(method data for {method} {0x000001d7df53a700} 'throwOnFailure' '(Ljava/lang/Object;)V' in 'kotlin/ResultKt')}
  0x000001d7c757bc44: 0085 d248 | ba88 18ed | dfd7 0100 | 0048 c7c6 | 4801 0000 | 7407 48c7 | c658 0100 | 0048 8b3c 
  0x000001d7c757bc64: 3248 8d7f | 0148 893c | 320f 84fd | 2600 00e9 | ea29 0000 

  0x000001d7c757bc78: ;   {metadata(method data for {method} {0x000001d7e0b1bde8} 'invokeSuspend' '(Ljava/lang/Object;)Ljava/lang/Object;' in 'org/jetbrains/skiko/redrawer/WindowsOpenGLRedrawer$Companion$frameDispatcher$1')}
  0x000001d7c757bc78: 48be a836 | 15e1 d701 | 0000 4883 | 8660 0100 

  0x000001d7c757bc88: ;   {metadata(method data for {method} {0x000001d7df53a700} 'throwOnFailure' '(Ljava/lang/Object;)V' in 'kotlin/ResultKt')}
  0x000001d7c757bc88: 0001 48be | 8818 eddf | d701 0000 | 8bbe cc00 | 0000 83c7 | 0289 becc | 0000 0081 | e7fe ff1f 
  0x000001d7c757bca8: 0085 ff0f | 84b3 2b00 | 004d 85c0 

  0x000001d7c757bcb4: ;   {metadata(method data for {method} {0x000001d7df53a700} 'throwOnFailure' '(Ljava/lang/Object;)V' in 'kotlin/ResultKt')}
  0x000001d7c757bcb4: 7516 48bb | 8818 eddf | d701 0000 | 808b 0901 | 0000 01e9 | ce00 0000 

  0x000001d7c757bccc: ;   {metadata('kotlin/Result$Failure')}
  0x000001d7c757bccc: 48b8 0020 | 0c00 0800 | 0000 418b | 7808 49ba | 0000 0000 | 0800 0000 | 4903 fa48 | 3bc7 0f85 
  0x000001d7c757bcec: 8e00 0000 

  0x000001d7c757bcf0: ;   {metadata(method data for {method} {0x000001d7df53a700} 'throwOnFailure' '(Ljava/lang/Object;)V' in 'kotlin/ResultKt')}
  0x000001d7c757bcf0: 48bb 8818 | eddf d701 | 0000 418b | 4008 49ba | 0000 0000 | 0800 0000 | 4903 c248 | 3b83 2001 
  0x000001d7c757bd10: 0000 750d | 4883 8328 | 0100 0001 | e97e 0000 | 0048 3b83 | 3001 0000 | 750d 4883 | 8338 0100 
  0x000001d7c757bd30: 0001 e968 | 0000 0048 | 83bb 2001 | 0000 0075 | 1748 8983 | 2001 0000 | 48c7 8328 | 0100 0001 
  0x000001d7c757bd50: 0000 00e9 | 4700 0000 | 4883 bb30 | 0100 0000 | 7517 4889 | 8330 0100 | 0048 c783 | 3801 0000 
  0x000001d7c757bd70: 0100 0000 | e926 0000 | 00e9 2100 

  0x000001d7c757bd7c: ;   {metadata(method data for {method} {0x000001d7df53a700} 'throwOnFailure' '(Ljava/lang/Object;)V' in 'kotlin/ResultKt')}
  0x000001d7c757bd7c: 0000 48bb | 8818 eddf | d701 0000 | 4883 ab10 | 0100 0001 | e905 0000 | 00e9 0500 | 0000 4833 
  0x000001d7c757bd9c: f6eb 0748 | c7c6 0100 | 0000 85f6 

  0x000001d7c757bda8: ;   {metadata(method data for {method} {0x000001d7df53a700} 'throwOnFailure' '(Ljava/lang/Object;)V' in 'kotlin/ResultKt')}
  0x000001d7c757bda8: 48be 8818 | eddf d701 | 0000 48c7 | c758 0100 | 0075 0748 | c7c7 4801 | 0000 488b | 1c3e 488d 
  0x000001d7c757bdc8: 5b01 4889 | 1c3e 0f85 | 9027 0000 | 4889 9424 | d000 0000 

  0x000001d7c757bddc: ;   {metadata(method data for {method} {0x000001d7e0b1bde8} 'invokeSuspend' '(Ljava/lang/Object;)Ljava/lang/Object;' in 'org/jetbrains/skiko/redrawer/WindowsOpenGLRedrawer$Companion$frameDispatcher$1')}
  0x000001d7c757bddc: 49b8 a836 | 15e1 d701 | 0000 4983 | 8070 0100 

  0x000001d7c757bdec: ;   {metadata(method data for {method} {0x000001d7e0b130e8} 'access$getToRedrawCopy$cp' '()Ljava/util/Set;' in 'org/jetbrains/skiko/redrawer/WindowsOpenGLRedrawer')}
  0x000001d7c757bdec: 0001 49b8 | f841 15e1 | d701 0000 | 418b b0cc | 0000 0083 | c602 4189 | b0cc 0000 | 0081 e6fe 
  0x000001d7c757be0c: ff1f 0085 | f60f 846e 

  0x000001d7c757be14: ;   {metadata(method data for {method} {0x000001d7e0b1bde8} 'invokeSuspend' '(Ljava/lang/Object;)Ljava/lang/Object;' in 'org/jetbrains/skiko/redrawer/WindowsOpenGLRedrawer$Companion$frameDispatcher$1')}
  0x000001d7c757be14: 2a00 0049 | b8a8 3615 | e1d7 0100 | 0049 8380 | 8001 0000 

  0x000001d7c757be28: ;   {metadata(method data for {method} {0x000001d7e0b13198} 'access$getToRedraw$cp' '()Ljava/util/Set;' in 'org/jetbrains/skiko/redrawer/WindowsOpenGLRedrawer')}
  0x000001d7c757be28: 0149 b820 | 4315 e1d7 | 0100 0041 | 8bb0 cc00 | 0000 83c6 | 0241 89b0 | cc00 0000 | 81e6 feff 
  0x000001d7c757be48: 1f00 85f6 | 0f84 542a 

  0x000001d7c757be50: ;   {oop(a 'java/util/LinkedHashSet'{0x0000000700d292e8})}
  0x000001d7c757be50: 0000 48be | e892 d200 | 0700 0000 

  0x000001d7c757be5c: ;   {metadata(method data for {method} {0x000001d7e0b1bde8} 'invokeSuspend' '(Ljava/lang/Object;)Ljava/lang/Object;' in 'org/jetbrains/skiko/redrawer/WindowsOpenGLRedrawer$Companion$frameDispatcher$1')}
  0x000001d7c757be5c: 4c8b c648 | bfa8 3615 | e1d7 0100 | 0045 8b40 | 0849 ba00 | 0000 0008 | 0000 004d | 03c2 4c3b 
  0x000001d7c757be7c: 87d8 0100 | 0075 0d48 | 8387 e001 | 0000 01e9 | 6000 0000 | 4c3b 87e8 | 0100 0075 | 0d48 8387 
  0x000001d7c757be9c: f001 0000 | 01e9 4a00 | 0000 4883 | bfd8 0100 | 0000 7517 | 4c89 87d8 | 0100 0048 | c787 e001 
  0x000001d7c757bebc: 0000 0100 | 0000 e929 | 0000 0048 | 83bf e801 | 0000 0075 | 174c 8987 | e801 0000 | 48c7 87f0 
  0x000001d7c757bedc: 0100 0001 | 0000 00e9 | 0800 0000 | 4883 87c8 | 0100 0001 

  0x000001d7c757bef0: ;   {oop(a 'java/util/LinkedHashSet'{0x0000000700d29338})}
  0x000001d7c757bef0: 48bf 3893 | d200 0700 | 0000 4c8b | c748 8bd6 | 4889 bc24 | c800 0000 | 0f1f 8000 

  0x000001d7c757bf0c: ;   {optimized virtual_call}
  0x000001d7c757bf0c: 0000 00e8 

  0x000001d7c757bf10: ; ImmutableOopMap {[200]=Oop [208]=Oop }
                      ;*invokeinterface addAll {reexecute=0 rethrow=0 return_oop=0}
                      ; - org.jetbrains.skiko.redrawer.WindowsOpenGLRedrawer$Companion$frameDispatcher$1::invokeSuspend@45 (line 94)
  0x000001d7c757bf10: 0c79 1500 

  0x000001d7c757bf14: ;   {other}
  0x000001d7c757bf14: 0f1f 8400 | 840b 0000 

  0x000001d7c757bf1c: ;   {metadata(method data for {method} {0x000001d7e0b1bde8} 'invokeSuspend' '(Ljava/lang/Object;)Ljava/lang/Object;' in 'org/jetbrains/skiko/redrawer/WindowsOpenGLRedrawer$Companion$frameDispatcher$1')}
  0x000001d7c757bf1c: 48ba a836 | 15e1 d701 | 0000 4883 | 8200 0200 

  0x000001d7c757bf2c: ;   {metadata(method data for {method} {0x000001d7e0b13198} 'access$getToRedraw$cp' '()Ljava/util/Set;' in 'org/jetbrains/skiko/redrawer/WindowsOpenGLRedrawer')}
  0x000001d7c757bf2c: 0001 48ba | 2043 15e1 | d701 0000 | 8bb2 cc00 | 0000 83c6 | 0289 b2cc | 0000 0081 | e6fe ff1f 
  0x000001d7c757bf4c: 0085 f60f | 8472 2900 | 0048 8bbc | 24c8 0000 

  0x000001d7c757bf5c: ;   {metadata(method data for {method} {0x000001d7e0b1bde8} 'invokeSuspend' '(Ljava/lang/Object;)Ljava/lang/Object;' in 'org/jetbrains/skiko/redrawer/WindowsOpenGLRedrawer$Companion$frameDispatcher$1')}
  0x000001d7c757bf5c: 0048 baa8 | 3615 e1d7 | 0100 008b | 7f08 49ba | 0000 0000 | 0800 0000 | 4903 fa48 | 3bba 2002 
  0x000001d7c757bf7c: 0000 750d | 4883 8228 | 0200 0001 | e960 0000 | 0048 3bba | 3002 0000 | 750d 4883 | 8238 0200 
  0x000001d7c757bf9c: 0001 e94a | 0000 0048 | 83ba 2002 | 0000 0075 | 1748 89ba | 2002 0000 | 48c7 8228 | 0200 0001 
  0x000001d7c757bfbc: 0000 00e9 | 2900 0000 | 4883 ba30 | 0200 0000 | 7517 4889 | ba30 0200 | 0048 c782 | 3802 0000 
  0x000001d7c757bfdc: 0100 0000 | e908 0000 | 0048 8382 | 1002 0000 

  0x000001d7c757bfec: ;   {metadata(method data for {method} {0x000001d7df2e55c0} 'clear' '()V' in 'java/util/HashSet')}
  0x000001d7c757bfec: 0148 baf8 | 20f8 e0d7 | 0100 008b | b2cc 0000 | 0083 c602 | 89b2 cc00 | 0000 81e6 | feff 1f00 
  0x000001d7c757c00c: 85f6 0f84 | d428 0000 | 488b bc24 | c800 0000 

  0x000001d7c757c01c: ; implicit exception: dispatches to 0x000001d7c757e909
  0x000001d7c757c01c: 8b57 0c48 | c1e2 0348 | 3b02 488b 

  0x000001d7c757c028: ;   {metadata(method data for {method} {0x000001d7df2e55c0} 'clear' '()V' in 'java/util/HashSet')}
  0x000001d7c757c028: f248 bff8 | 20f8 e0d7 | 0100 008b | 7608 49ba | 0000 0000 | 0800 0000 | 4903 f248 | 3bb7 2001 
  0x000001d7c757c048: 0000 750d | 4883 8728 | 0100 0001 | e960 0000 | 0048 3bb7 | 3001 0000 | 750d 4883 | 8738 0100 
  0x000001d7c757c068: 0001 e94a | 0000 0048 | 83bf 2001 | 0000 0075 | 1748 89b7 | 2001 0000 | 48c7 8728 | 0100 0001 
  0x000001d7c757c088: 0000 00e9 | 2900 0000 | 4883 bf30 | 0100 0000 | 7517 4889 | b730 0100 | 0048 c787 | 3801 0000 
  0x000001d7c757c0a8: 0100 0000 | e908 0000 | 0048 8387 | 1001 0000 | 010f 1f40 | 0048 b820 | b301 0008 

  0x000001d7c757c0c4: ;   {virtual_call}
  0x000001d7c757c0c4: 0000 00e8 

  0x000001d7c757c0c8: ; ImmutableOopMap {[208]=Oop }
                      ;*invokevirtual clear {reexecute=0 rethrow=0 return_oop=0}
                      ; - java.util.HashSet::clear@4
                      ; - org.jetbrains.skiko.redrawer.WindowsOpenGLRedrawer$Companion$frameDispatcher$1::invokeSuspend@54 (line 95)
  0x000001d7c757c0c8: 74e5 0b00 

  0x000001d7c757c0cc: ;   {other}
  0x000001d7c757c0cc: 0f1f 8400 | 3c0d 0001 

  0x000001d7c757c0d4: ;   {metadata(method data for {method} {0x000001d7e0b1bde8} 'invokeSuspend' '(Ljava/lang/Object;)Ljava/lang/Object;' in 'org/jetbrains/skiko/redrawer/WindowsOpenGLRedrawer$Companion$frameDispatcher$1')}
  0x000001d7c757c0d4: 48be a836 | 15e1 d701 | 0000 4883 | 8648 0200 

  0x000001d7c757c0e4: ;   {runtime_call}
  0x000001d7c757c0e4: 0001 48b8 | 80b3 e70c | ff7f 0000 

  0x000001d7c757c0f0: ;   {other}
  0x000001d7c757c0f0: ffd0 0f1f | 8400 0000 | 0000 4889 | 8424 e000 

  0x000001d7c757c100: ;   {metadata(method data for {method} {0x000001d7e0b1bde8} 'invokeSuspend' '(Ljava/lang/Object;)Ljava/lang/Object;' in 'org/jetbrains/skiko/redrawer/WindowsOpenGLRedrawer$Companion$frameDispatcher$1')}
  0x000001d7c757c100: 0000 48ba | a836 15e1 | d701 0000 | 4883 8258 | 0200 0001 

  0x000001d7c757c114: ;   {metadata(method data for {method} {0x000001d7e0b13248} 'access$getToRedrawVisible$cp' '()Lkotlin/sequences/Sequence;' in 'org/jetbrains/skiko/redrawer/WindowsOpenGLRedrawer')}
  0x000001d7c757c114: 48ba a0c2 | 0fe1 d701 | 0000 8bb2 | cc00 0000 | 83c6 0289 | b2cc 0000 | 0081 e6fe | ff1f 0085 
  0x000001d7c757c134: f60f 84d8 

  0x000001d7c757c138: ;   {oop(a 'kotlin/sequences/FilteringSequence'{0x0000000700d292a8})}
  0x000001d7c757c138: 2700 0048 | bba8 92d2 | 0007 0000 | 0048 8bd3 

  0x000001d7c757c148: ;   {metadata(method data for {method} {0x000001d7e0b1bde8} 'invokeSuspend' '(Ljava/lang/Object;)Ljava/lang/Object;' in 'org/jetbrains/skiko/redrawer/WindowsOpenGLRedrawer$Companion$frameDispatcher$1')}
  0x000001d7c757c148: 48be a836 | 15e1 d701 

  0x000001d7c757c150: ;   {metadata('kotlin/sequences/FilteringSequence')}
  0x000001d7c757c150: 0000 49ba | 0857 3400 | 0800 0000 | 4c89 9678 | 0200 0048 | 8386 8002 

  0x000001d7c757c168: ;   {metadata(method data for {method} {0x000001d7e0b19408} 'iterator' '()Ljava/util/Iterator;' in 'kotlin/sequences/FilteringSequence')}
  0x000001d7c757c168: 0000 0148 | bab8 940e | e1d7 0100 | 008b b2cc | 0000 0083 | c602 89b2 | cc00 0000 | 81e6 feff 
  0x000001d7c757c188: 1f00 85f6 | 0f84 a227 

  0x000001d7c757c190: ;   {metadata('kotlin/sequences/FilteringSequence$iterator$1')}
  0x000001d7c757c190: 0000 48ba | 48fd 3c00 | 0800 0000 | 498b 87b8 | 0100 0048 | 8d78 2049 | 3bbf c801 | 0000 0f87 
  0x000001d7c757c1b0: a127 0000 | 4989 bfb8 | 0100 0048 | c700 0100 | 0000 488b | ca49 ba00 | 0000 0008 | 0000 0049 
  0x000001d7c757c1d0: 2bca 8948 | 0848 33c9 | 8948 0c48 | 33c9 4889 | 4810 4889 | 4818 4889 | 8424 d800 | 0000 488b 
  0x000001d7c757c1f0: ;   {metadata(method data for {method} {0x000001d7e0b19408} 'iterator' '()Ljava/util/Iterator;' in 'kotlin/sequences/FilteringSequence')}
  0x000001d7c757c1f0: d048 beb8 | 940e e1d7 | 0100 0048 | 8386 1001 

  0x000001d7c757c200: ;   {metadata(method data for {method} {0x000001d7e10476c8} '<init>' '(Lkotlin/sequences/FilteringSequence;)V' in 'kotlin/sequences/FilteringSequence$iterator$1')}
  0x000001d7c757c200: 0000 0148 | ba50 960e | e1d7 0100 | 008b b2cc | 0000 0083 | c602 89b2 | cc00 0000 | 81e6 feff 
  0x000001d7c757c220: 1f00 85f6 | 0f84 3827 | 0000 410f | be57 4085 | d20f 854c 

  0x000001d7c757c234: ;   {oop(a 'kotlin/sequences/FilteringSequence'{0x0000000700d292a8})}
  0x000001d7c757c234: 2700 0049 | baa8 92d2 | 0007 0000 | 0049 c1ea | 0344 8950 

  0x000001d7c757c248: ;   {oop(a 'kotlin/sequences/FilteringSequence'{0x0000000700d292a8})}
  0x000001d7c757c248: 1848 baa8 | 92d2 0007 | 0000 0048 | 8bf0 4833 | f248 c1ee | 1548 83fe | 000f 853b | 2700 0048 
  0x000001d7c757c268: ;   {metadata(method data for {method} {0x000001d7e10476c8} '<init>' '(Lkotlin/sequences/FilteringSequence;)V' in 'kotlin/sequences/FilteringSequence$iterator$1')}
  0x000001d7c757c268: 8bd0 48be | 5096 0ee1 | d701 0000 | 4883 8610 | 0100 0001 

  0x000001d7c757c27c: ;   {metadata(method data for {method} {0x000001d7df000638} '<init>' '()V' in 'java/lang/Object')}
  0x000001d7c757c27c: 48ba e093 | 27df d701 | 0000 8bb2 | cc00 0000 | 83c6 0289 | b2cc 0000 | 0081 e6fe | ff1f 0085 
  0x000001d7c757c29c: f60f 8417 

  0x000001d7c757c2a0: ;   {metadata(method data for {method} {0x000001d7e10476c8} '<init>' '(Lkotlin/sequences/FilteringSequence;)V' in 'kotlin/sequences/FilteringSequence$iterator$1')}
  0x000001d7c757c2a0: 2700 0048 | ba50 960e | e1d7 0100 | 0048 8382 | 2001 0000 | 018b 5310 | 48c1 e203 

  0x000001d7c757c2bc: ; implicit exception: dispatches to 0x000001d7c757e9e0
  0x000001d7c757c2bc: 483b 0248 

  0x000001d7c757c2c0: ;   {metadata(method data for {method} {0x000001d7e10476c8} '<init>' '(Lkotlin/sequences/FilteringSequence;)V' in 'kotlin/sequences/FilteringSequence$iterator$1')}
  0x000001d7c757c2c0: 8bf2 48bf | 5096 0ee1 | d701 0000 | 8b76 0849 | ba00 0000 | 0008 0000 | 0049 03f2 | 483b b740 
  0x000001d7c757c2e0: 0100 0075 | 0d48 8387 | 4801 0000 | 01e9 6000 | 0000 483b | b750 0100 | 0075 0d48 | 8387 5801 
  0x000001d7c757c300: 0000 01e9 | 4a00 0000 | 4883 bf40 | 0100 0000 | 7517 4889 | b740 0100 | 0048 c787 | 4801 0000 
  0x000001d7c757c320: 0100 0000 | e929 0000 | 0048 83bf | 5001 0000 | 0075 1748 | 89b7 5001 | 0000 48c7 | 8758 0100 
  0x000001d7c757c340: 0001 0000 | 00e9 0800 | 0000 4883 | 8730 0100 | 0001 6666 | 9048 b808 | 5734 0008 

  0x000001d7c757c35c: ;   {virtual_call}
  0x000001d7c757c35c: 0000 00e8 

  0x000001d7c757c360: ; ImmutableOopMap {[208]=Oop [216]=Oop }
                      ;*invokeinterface iterator {reexecute=0 rethrow=0 return_oop=0}
                      ; - kotlin.sequences.FilteringSequence$iterator$1::<init>@14 (line 164)
                      ; - kotlin.sequences.FilteringSequence::iterator@5 (line 163)
                      ; - org.jetbrains.skiko.redrawer.WindowsOpenGLRedrawer$Companion$frameDispatcher$1::invokeSuspend@66 (line 99)
  0x000001d7c757c360: 7cb4 4d07 

  0x000001d7c757c364: ;   {other}
  0x000001d7c757c364: 0f1f 8400 | d40f 0002 | 410f be57 | 4085 d248 | 8bb4 24d8 | 0000 000f | 8564 2600 | 004c 8bd0 
  0x000001d7c757c384: 49c1 ea03 | 4489 5610 | 488b d648 | 33d0 48c1 | ea15 4883 | fa00 0f85 | 6426 0000 | c746 0cff 
  0x000001d7c757c3a4: ffff ff90 

  0x000001d7c757c3a8: ;   {metadata(method data for {method} {0x000001d7e0b1bde8} 'invokeSuspend' '(Ljava/lang/Object;)Ljava/lang/Object;' in 'org/jetbrains/skiko/redrawer/WindowsOpenGLRedrawer$Companion$frameDispatcher$1')}
  0x000001d7c757c3a8: 488b d648 | bfa8 3615 | e1d7 0100 

  0x000001d7c757c3b4: ;   {metadata('kotlin/sequences/FilteringSequence$iterator$1')}
  0x000001d7c757c3b4: 0049 ba48 | fd3c 0008 | 0000 004c | 8997 b002 | 0000 4883 | 87b8 0200 

  0x000001d7c757c3cc: ;   {metadata(method data for {method} {0x000001d7e1047da8} 'hasNext' '()Z' in 'kotlin/sequences/FilteringSequence$iterator$1')}
  0x000001d7c757c3cc: 0001 48ba | 0844 09e1 | d701 0000 | 8bba cc00 | 0000 83c7 | 0289 bacc | 0000 0081 | e7fe ff1f 
  0x000001d7c757c3ec: 0085 ff0f | 8427 2600 | 008b 560c 

  0x000001d7c757c3f8: ;   {metadata(method data for {method} {0x000001d7e1047da8} 'hasNext' '()Z' in 'kotlin/sequences/FilteringSequence$iterator$1')}
  0x000001d7c757c3f8: 83fa ff48 | ba08 4409 | e1d7 0100 | 0048 c7c7 | 2001 0000 | 7407 48c7 | c710 0100 | 0048 8b1c 
  0x000001d7c757c418: 3a48 8d5b | 0148 891c | 3a0f 8408 | 0000 0048 | 8bc6 e92d | 0000 0048 

  0x000001d7c757c430: ;   {metadata(method data for {method} {0x000001d7e1047da8} 'hasNext' '()Z' in 'kotlin/sequences/FilteringSequence$iterator$1')}
  0x000001d7c757c430: 8bd6 48bf | 0844 09e1 | d701 0000 | 4883 8730 | 0100 0001 

  0x000001d7c757c444: ;   {optimized virtual_call}
  0x000001d7c757c444: 488b d6e8 

  0x000001d7c757c448: ; ImmutableOopMap {[208]=Oop [216]=Oop }
                      ;*invokespecial calcNext {reexecute=0 rethrow=0 return_oop=0}
                      ; - kotlin.sequences.FilteringSequence$iterator$1::hasNext@9 (line 194)
                      ; - org.jetbrains.skiko.redrawer.WindowsOpenGLRedrawer$Companion$frameDispatcher$1::invokeSuspend@75 (line 99)
  0x000001d7c757c448: 7432 4707 

  0x000001d7c757c44c: ;   {other}
  0x000001d7c757c44c: 0f1f 8400 | bc10 0003 | 488b 8424 | d800 0000 | 8b50 0c83 

  0x000001d7c757c460: ;   {metadata(method data for {method} {0x000001d7e1047da8} 'hasNext' '()Z' in 'kotlin/sequences/FilteringSequence$iterator$1')}
  0x000001d7c757c460: fa01 48ba | 0844 09e1 | d701 0000 | 48c7 c640 | 0100 0075 | 0748 c7c6 | 5001 0000 | 488b 3c32 
  0x000001d7c757c480: 488d 7f01 | 4889 3c32 | 0f85 1a00 

  0x000001d7c757c48c: ;   {metadata(method data for {method} {0x000001d7e1047da8} 'hasNext' '()Z' in 'kotlin/sequences/FilteringSequence$iterator$1')}
  0x000001d7c757c48c: 0000 48ba | 0844 09e1 | d701 0000 | ff82 6001 | 0000 ba01 | 0000 00e9 | 0500 0000 | ba00 0000 
  0x000001d7c757c4ac: 0083 e201 

  0x000001d7c757c4b0: ;   {metadata(method data for {method} {0x000001d7e0b1bde8} 'invokeSuspend' '(Ljava/lang/Object;)Ljava/lang/Object;' in 'org/jetbrains/skiko/redrawer/WindowsOpenGLRedrawer$Companion$frameDispatcher$1')}
  0x000001d7c757c4b0: 85d2 48ba | a836 15e1 | d701 0000 | 48c7 c6d8 | 0200 0074 | 0748 c7c6 | e802 0000 | 488b 3c32 
  0x000001d7c757c4d0: 488d 7f01 | 4889 3c32 | 0f84 0502 | 0000 488b 

  0x000001d7c757c4e0: ;   {metadata(method data for {method} {0x000001d7e0b1bde8} 'invokeSuspend' '(Ljava/lang/Object;)Ljava/lang/Object;' in 'org/jetbrains/skiko/redrawer/WindowsOpenGLRedrawer$Companion$frameDispatcher$1')}
  0x000001d7c757c4e0: d048 bea8 | 3615 e1d7 

  0x000001d7c757c4e8: ;   {metadata('kotlin/sequences/FilteringSequence$iterator$1')}
  0x000001d7c757c4e8: 0100 0049 | ba48 fd3c | 0008 0000 | 004c 8996 | 0803 0000 | 4883 8610 | 0300 0001 

  0x000001d7c757c504: ;   {optimized virtual_call}
  0x000001d7c757c504: 488b d0e8 

  0x000001d7c757c508: ; ImmutableOopMap {[208]=Oop [216]=Oop }
                      ;*invokeinterface next {reexecute=0 rethrow=0 return_oop=0}
                      ; - org.jetbrains.skiko.redrawer.WindowsOpenGLRedrawer$Companion$frameDispatcher$1::invokeSuspend@85 (line 99)
  0x000001d7c757c508: b49e 4b07 

  0x000001d7c757c50c: ;   {other}
  0x000001d7c757c50c: 0f1f 8400 | 7c11 0004 | 4885 c075 

  0x000001d7c757c518: ;   {metadata(method data for {method} {0x000001d7e0b1bde8} 'invokeSuspend' '(Ljava/lang/Object;)Ljava/lang/Object;' in 'org/jetbrains/skiko/redrawer/WindowsOpenGLRedrawer$Companion$frameDispatcher$1')}
  0x000001d7c757c518: 1648 bea8 | 3615 e1d7 | 0100 0080 | 8e29 0300 | 0001 e9cd 

  0x000001d7c757c52c: ;   {metadata('org/jetbrains/skiko/redrawer/WindowsOpenGLRedrawer')}
  0x000001d7c757c52c: 0000 0048 | bf98 4434 | 0008 0000 | 0044 8b40 | 0849 ba00 | 0000 0008 | 0000 004d | 03c2 493b 
  0x000001d7c757c54c: f80f 858d 

  0x000001d7c757c550: ;   {metadata(method data for {method} {0x000001d7e0b1bde8} 'invokeSuspend' '(Ljava/lang/Object;)Ljava/lang/Object;' in 'org/jetbrains/skiko/redrawer/WindowsOpenGLRedrawer$Companion$frameDispatcher$1')}
  0x000001d7c757c550: 0000 0048 | bea8 3615 | e1d7 0100 | 008b 7808 | 49ba 0000 | 0000 0800 | 0000 4903 | fa48 3bbe 
  0x000001d7c757c570: 4003 0000 | 750d 4883 | 8648 0300 | 0001 e979 | 0000 0048 | 3bbe 5003 | 0000 750d | 4883 8658 
  0x000001d7c757c590: 0300 0001 | e963 0000 | 0048 83be | 4003 0000 | 0075 1748 | 89be 4003 | 0000 48c7 | 8648 0300 
  0x000001d7c757c5b0: 0001 0000 | 00e9 4200 | 0000 4883 | be50 0300 | 0000 7517 | 4889 be50 | 0300 0048 | c786 5803 
  0x000001d7c757c5d0: 0000 0100 | 0000 e921 | 0000 00e9 | 1c00 0000 

  0x000001d7c757c5e0: ;   {metadata(method data for {method} {0x000001d7e0b1bde8} 'invokeSuspend' '(Ljava/lang/Object;)Ljava/lang/Object;' in 'org/jetbrains/skiko/redrawer/WindowsOpenGLRedrawer$Companion$frameDispatcher$1')}
  0x000001d7c757c5e0: 48be a836 | 15e1 d701 | 0000 4883 | ae30 0300 | 0001 e946 | 2400 00e9 | 0000 0000 | 488b d048 
  0x000001d7c757c600: 3b02 4c8b 

  0x000001d7c757c604: ;   {metadata(method data for {method} {0x000001d7e0b1bde8} 'invokeSuspend' '(Ljava/lang/Object;)Ljava/lang/Object;' in 'org/jetbrains/skiko/redrawer/WindowsOpenGLRedrawer$Companion$frameDispatcher$1')}
  0x000001d7c757c604: c248 bea8 | 3615 e1d7 | 0100 0048 | 8386 6803 | 0000 014c | 8b84 24e0 

  0x000001d7c757c61c: ;   {optimized virtual_call}
  0x000001d7c757c61c: 0000 00e8 

  0x000001d7c757c620: ; ImmutableOopMap {[208]=Oop [216]=Oop }
                      ;*invokevirtual update {reexecute=0 rethrow=0 return_oop=0}
                      ; - org.jetbrains.skiko.redrawer.WindowsOpenGLRedrawer$Companion$frameDispatcher$1::invokeSuspend@99 (line 101)
  0x000001d7c757c620: 7c84 feff 

  0x000001d7c757c624: ;   {other}
  0x000001d7c757c624: 0f1f 8400 | 9412 0005 

  0x000001d7c757c62c: ;   {metadata(method data for {method} {0x000001d7e0b1bde8} 'invokeSuspend' '(Ljava/lang/Object;)Ljava/lang/Object;' in 'org/jetbrains/skiko/redrawer/WindowsOpenGLRedrawer$Companion$frameDispatcher$1')}
  0x000001d7c757c62c: 48b8 a836 | 15e1 d701 | 0000 8b90 | d000 0000 | 83c2 0289 | 90d0 0000 | 0081 e2fe | 3f00 0085 
  0x000001d7c757c64c: d20f 84f8 | 2300 004d | 8b97 5004 

  0x000001d7c757c658: ; ImmutableOopMap {[208]=Oop [216]=Oop }
                      ;*goto {reexecute=1 rethrow=0 return_oop=0}
                      ; - (reexecute) org.jetbrains.skiko.redrawer.WindowsOpenGLRedrawer$Companion$frameDispatcher$1::invokeSuspend@102 (line 101)
                      ;   {poll}
  0x000001d7c757c658: 0000 4185 

  0x000001d7c757c65c: ;   {metadata(method data for {method} {0x000001d7e0b1bde8} 'invokeSuspend' '(Ljava/lang/Object;)Ljava/lang/Object;' in 'org/jetbrains/skiko/redrawer/WindowsOpenGLRedrawer$Companion$frameDispatcher$1')}
  0x000001d7c757c65c: 0248 b8a8 | 3615 e1d7 | 0100 00ff | 80a0 0300 | 0048 8bb4 | 24d8 0000 | 00e9 2efd | ffff 498b 
  0x000001d7c757c67c: 87f8 0400 | 004d 33d2 | 4d89 97f8 | 0400 004d | 33d2 4d89 | 9700 0500 

  0x000001d7c757c694: ;   {metadata(method data for {method} {0x000001d7e0b1bde8} 'invokeSuspend' '(Ljava/lang/Object;)Ljava/lang/Object;' in 'org/jetbrains/skiko/redrawer/WindowsOpenGLRedrawer$Companion$frameDispatcher$1')}
  0x000001d7c757c694: 0048 baa8 | 3615 e1d7 | 0100 008b | b2d0 0000 | 0083 c602 | 89b2 d000 | 0000 81e6 | fe3f 0000 
  0x000001d7c757c6b4: 85f6 0f84 | b023 0000 | 4d8b 9750 

  0x000001d7c757c6c0: ; ImmutableOopMap {[208]=Oop [216]=Oop }
                      ;*goto {reexecute=1 rethrow=0 return_oop=0}
                      ; - (reexecute) org.jetbrains.skiko.redrawer.WindowsOpenGLRedrawer$Companion$frameDispatcher$1::invokeSuspend@107 (line 102)
                      ;   {poll}
  0x000001d7c757c6c0: 0400 0041 

  0x000001d7c757c6c4: ;   {metadata(method data for {method} {0x000001d7e0b1bde8} 'invokeSuspend' '(Ljava/lang/Object;)Ljava/lang/Object;' in 'org/jetbrains/skiko/redrawer/WindowsOpenGLRedrawer$Companion$frameDispatcher$1')}
  0x000001d7c757c6c4: 8502 48ba | a836 15e1 | d701 0000 | ff82 b803 | 0000 488b | b424 d800 | 0000 e9c5 

  0x000001d7c757c6e0: ;   {metadata(method data for {method} {0x000001d7e0b1bde8} 'invokeSuspend' '(Ljava/lang/Object;)Ljava/lang/Object;' in 'org/jetbrains/skiko/redrawer/WindowsOpenGLRedrawer$Companion$frameDispatcher$1')}
  0x000001d7c757c6e0: fcff ff48 | baa8 3615 | e1d7 0100 | 0048 8382 | d003 0000 

  0x000001d7c757c6f4: ;   {metadata(method data for {method} {0x000001d7e0b13248} 'access$getToRedrawVisible$cp' '()Lkotlin/sequences/Sequence;' in 'org/jetbrains/skiko/redrawer/WindowsOpenGLRedrawer')}
  0x000001d7c757c6f4: 0148 baa0 | c20f e1d7 | 0100 008b | b2cc 0000 | 0083 c602 | 89b2 cc00 | 0000 81e6 | feff 1f00 
  0x000001d7c757c714: 85f6 0f84 | 7123 0000 

  0x000001d7c757c71c: ;   {oop(a 'kotlin/sequences/FilteringSequence'{0x0000000700d292a8})}
  0x000001d7c757c71c: 48bb a892 | d200 0700 | 0000 488b 

  0x000001d7c757c728: ;   {metadata(method data for {method} {0x000001d7e0b1bde8} 'invokeSuspend' '(Ljava/lang/Object;)Ljava/lang/Object;' in 'org/jetbrains/skiko/redrawer/WindowsOpenGLRedrawer$Companion$frameDispatcher$1')}
  0x000001d7c757c728: d348 bea8 | 3615 e1d7 

  0x000001d7c757c730: ;   {metadata('kotlin/sequences/FilteringSequence')}
  0x000001d7c757c730: 0100 0049 | ba08 5734 | 0008 0000 | 004c 8996 | f003 0000 | 4883 86f8 | 0300 0001 

  0x000001d7c757c74c: ;   {metadata(method data for {method} {0x000001d7e0b19408} 'iterator' '()Ljava/util/Iterator;' in 'kotlin/sequences/FilteringSequence')}
  0x000001d7c757c74c: 48ba b894 | 0ee1 d701 | 0000 8bb2 | cc00 0000 | 83c6 0289 | b2cc 0000 | 0081 e6fe | ff1f 0085 
  0x000001d7c757c76c: f60f 843b 

  0x000001d7c757c770: ;   {metadata('kotlin/sequences/FilteringSequence$iterator$1')}
  0x000001d7c757c770: 2300 0048 | ba48 fd3c | 0008 0000 | 0049 8b87 | b801 0000 | 488d 7820 | 493b bfc8 | 0100 000f 
  0x000001d7c757c790: 873a 2300 | 0049 89bf | b801 0000 | 48c7 0001 | 0000 0048 | 8bca 49ba | 0000 0000 | 0800 0000 
  0x000001d7c757c7b0: 492b ca89 | 4808 4833 | c989 480c | 4833 c948 | 8948 1048 | 8948 1848 | 8984 24e8 | 0000 0048 
  0x000001d7c757c7d0: ;   {metadata(method data for {method} {0x000001d7e0b19408} 'iterator' '()Ljava/util/Iterator;' in 'kotlin/sequences/FilteringSequence')}
  0x000001d7c757c7d0: 8bd0 48be | b894 0ee1 | d701 0000 | 4883 8610 | 0100 0001 

  0x000001d7c757c7e4: ;   {metadata(method data for {method} {0x000001d7e10476c8} '<init>' '(Lkotlin/sequences/FilteringSequence;)V' in 'kotlin/sequences/FilteringSequence$iterator$1')}
  0x000001d7c757c7e4: 48ba 5096 | 0ee1 d701 | 0000 8bb2 | cc00 0000 | 83c6 0289 | b2cc 0000 | 0081 e6fe | ff1f 0085 
  0x000001d7c757c804: f60f 84d1 | 2200 0041 | 0fbe 5740 | 85d2 0f85 | e522 0000 

  0x000001d7c757c818: ;   {oop(a 'kotlin/sequences/FilteringSequence'{0x0000000700d292a8})}
  0x000001d7c757c818: 49ba a892 | d200 0700 | 0000 49c1 | ea03 4489 

  0x000001d7c757c828: ;   {oop(a 'kotlin/sequences/FilteringSequence'{0x0000000700d292a8})}
  0x000001d7c757c828: 5018 48ba | a892 d200 | 0700 0000 | 488b f048 | 33f2 48c1 | ee15 4883 | fe00 0f85 | d422 0000 
  0x000001d7c757c848: ;   {metadata(method data for {method} {0x000001d7e10476c8} '<init>' '(Lkotlin/sequences/FilteringSequence;)V' in 'kotlin/sequences/FilteringSequence$iterator$1')}
  0x000001d7c757c848: 488b d048 | be50 960e | e1d7 0100 | 0048 8386 | 1001 0000 

  0x000001d7c757c85c: ;   {metadata(method data for {method} {0x000001d7df000638} '<init>' '()V' in 'java/lang/Object')}
  0x000001d7c757c85c: 0148 bae0 | 9327 dfd7 | 0100 008b | b2cc 0000 | 0083 c602 | 89b2 cc00 | 0000 81e6 | feff 1f00 
  0x000001d7c757c87c: 85f6 0f84 | b022 0000 

  0x000001d7c757c884: ;   {metadata(method data for {method} {0x000001d7e10476c8} '<init>' '(Lkotlin/sequences/FilteringSequence;)V' in 'kotlin/sequences/FilteringSequence$iterator$1')}
  0x000001d7c757c884: 48ba 5096 | 0ee1 d701 | 0000 4883 | 8220 0100 | 0001 8b53 | 1048 c1e2 | 0348 3b02 

  0x000001d7c757c8a0: ;   {metadata(method data for {method} {0x000001d7e10476c8} '<init>' '(Lkotlin/sequences/FilteringSequence;)V' in 'kotlin/sequences/FilteringSequence$iterator$1')}
  0x000001d7c757c8a0: 488b f248 | bf50 960e | e1d7 0100 | 008b 7608 | 49ba 0000 | 0000 0800 | 0000 4903 | f248 3bb7 
  0x000001d7c757c8c0: 4001 0000 | 750d 4883 | 8748 0100 | 0001 e960 | 0000 0048 | 3bb7 5001 | 0000 750d | 4883 8758 
  0x000001d7c757c8e0: 0100 0001 | e94a 0000 | 0048 83bf | 4001 0000 | 0075 1748 | 89b7 4001 | 0000 48c7 | 8748 0100 
  0x000001d7c757c900: 0001 0000 | 00e9 2900 | 0000 4883 | bf50 0100 | 0000 7517 | 4889 b750 | 0100 0048 | c787 5801 
  0x000001d7c757c920: 0000 0100 | 0000 e908 | 0000 0048 | 8387 3001 | 0000 0166 | 9048 b808 | 5734 0008 

  0x000001d7c757c93c: ;   {virtual_call}
  0x000001d7c757c93c: 0000 00e8 

  0x000001d7c757c940: ; ImmutableOopMap {[208]=Oop [232]=Oop }
                      ;*invokeinterface iterator {reexecute=0 rethrow=0 return_oop=0}
                      ; - kotlin.sequences.FilteringSequence$iterator$1::<init>@14 (line 164)
                      ; - kotlin.sequences.FilteringSequence::iterator@5 (line 163)
                      ; - org.jetbrains.skiko.redrawer.WindowsOpenGLRedrawer$Companion$frameDispatcher$1::invokeSuspend@113 (line 107)
  0x000001d7c757c940: 9cae 4d07 

  0x000001d7c757c944: ;   {other}
  0x000001d7c757c944: 0f1f 8400 | b415 0008 | 410f be57 | 4085 d248 | 8bb4 24e8 | 0000 000f | 85f9 2100 | 004c 8bd0 
  0x000001d7c757c964: 49c1 ea03 | 4489 5610 | 488b d648 | 33d0 48c1 | ea15 4883 | fa00 0f85 | f921 0000 | c746 0cff 
  0x000001d7c757c984: ffff ff90 

  0x000001d7c757c988: ;   {metadata(method data for {method} {0x000001d7e0b1bde8} 'invokeSuspend' '(Ljava/lang/Object;)Ljava/lang/Object;' in 'org/jetbrains/skiko/redrawer/WindowsOpenGLRedrawer$Companion$frameDispatcher$1')}
  0x000001d7c757c988: 488b c648 | baa8 3615 | e1d7 0100 

  0x000001d7c757c994: ;   {metadata('kotlin/sequences/FilteringSequence$iterator$1')}
  0x000001d7c757c994: 0049 ba48 | fd3c 0008 | 0000 004c | 8992 2804 | 0000 4883 | 8230 0400 

  0x000001d7c757c9ac: ;   {metadata(method data for {method} {0x000001d7e1047da8} 'hasNext' '()Z' in 'kotlin/sequences/FilteringSequence$iterator$1')}
  0x000001d7c757c9ac: 0001 48ba | 0844 09e1 | d701 0000 | 8bba cc00 | 0000 83c7 | 0289 bacc | 0000 0081 | e7fe ff1f 
  0x000001d7c757c9cc: 0085 ff0f | 84bc 2100 | 008b 560c 

  0x000001d7c757c9d8: ;   {metadata(method data for {method} {0x000001d7e1047da8} 'hasNext' '()Z' in 'kotlin/sequences/FilteringSequence$iterator$1')}
  0x000001d7c757c9d8: 83fa ff48 | ba08 4409 | e1d7 0100 | 0048 c7c7 | 1001 0000 | 7507 48c7 | c720 0100 | 0048 8b1c 
  0x000001d7c757c9f8: 3a48 8d5b | 0148 891c | 3a48 8bc6 | 0f85 2a00 

  0x000001d7c757ca08: ;   {metadata(method data for {method} {0x000001d7e1047da8} 'hasNext' '()Z' in 'kotlin/sequences/FilteringSequence$iterator$1')}
  0x000001d7c757ca08: 0000 48ba | 0844 09e1 | d701 0000 | 4883 8230 | 0100 0001 

  0x000001d7c757ca1c: ;   {optimized virtual_call}
  0x000001d7c757ca1c: 488b d6e8 

  0x000001d7c757ca20: ; ImmutableOopMap {[208]=Oop [232]=Oop }
                      ;*invokespecial calcNext {reexecute=0 rethrow=0 return_oop=0}
                      ; - kotlin.sequences.FilteringSequence$iterator$1::hasNext@9 (line 194)
                      ; - org.jetbrains.skiko.redrawer.WindowsOpenGLRedrawer$Companion$frameDispatcher$1::invokeSuspend@122 (line 107)
  0x000001d7c757ca20: 9c2c 4707 

  0x000001d7c757ca24: ;   {other}
  0x000001d7c757ca24: 0f1f 8400 | 9416 0009 | 488b 8424 | e800 0000 | 8b50 0c83 

  0x000001d7c757ca38: ;   {metadata(method data for {method} {0x000001d7e1047da8} 'hasNext' '()Z' in 'kotlin/sequences/FilteringSequence$iterator$1')}
  0x000001d7c757ca38: fa01 48ba | 0844 09e1 | d701 0000 | 48c7 c640 | 0100 0075 | 0748 c7c6 | 5001 0000 | 488b 3c32 
  0x000001d7c757ca58: 488d 7f01 | 4889 3c32 | 0f85 1a00 

  0x000001d7c757ca64: ;   {metadata(method data for {method} {0x000001d7e1047da8} 'hasNext' '()Z' in 'kotlin/sequences/FilteringSequence$iterator$1')}
  0x000001d7c757ca64: 0000 48ba | 0844 09e1 | d701 0000 | ff82 6001 | 0000 ba01 | 0000 00e9 | 0500 0000 | ba00 0000 
  0x000001d7c757ca84: 0083 e201 

  0x000001d7c757ca88: ;   {metadata(method data for {method} {0x000001d7e0b1bde8} 'invokeSuspend' '(Ljava/lang/Object;)Ljava/lang/Object;' in 'org/jetbrains/skiko/redrawer/WindowsOpenGLRedrawer$Companion$frameDispatcher$1')}
  0x000001d7c757ca88: 85d2 48ba | a836 15e1 | d701 0000 | 48c7 c650 | 0400 0074 | 0748 c7c6 | 6004 0000 | 488b 3c32 
  0x000001d7c757caa8: 488d 7f01 | 4889 3c32 | 0f84 c402 | 0000 488b 

  0x000001d7c757cab8: ;   {metadata(method data for {method} {0x000001d7e0b1bde8} 'invokeSuspend' '(Ljava/lang/Object;)Ljava/lang/Object;' in 'org/jetbrains/skiko/redrawer/WindowsOpenGLRedrawer$Companion$frameDispatcher$1')}
  0x000001d7c757cab8: d048 bea8 | 3615 e1d7 

  0x000001d7c757cac0: ;   {metadata('kotlin/sequences/FilteringSequence$iterator$1')}
  0x000001d7c757cac0: 0100 0049 | ba48 fd3c | 0008 0000 | 004c 8996 | 8004 0000 | 4883 8688 | 0400 0001 

  0x000001d7c757cadc: ;   {optimized virtual_call}
  0x000001d7c757cadc: 488b d0e8 

  0x000001d7c757cae0: ; ImmutableOopMap {[208]=Oop [232]=Oop }
                      ;*invokeinterface next {reexecute=0 rethrow=0 return_oop=0}
                      ; - org.jetbrains.skiko.redrawer.WindowsOpenGLRedrawer$Companion$frameDispatcher$1::invokeSuspend@132 (line 107)
  0x000001d7c757cae0: dc98 4b07 

  0x000001d7c757cae4: ;   {other}
  0x000001d7c757cae4: 0f1f 8400 | 5417 000a | 4885 c075 

  0x000001d7c757caf0: ;   {metadata(method data for {method} {0x000001d7e0b1bde8} 'invokeSuspend' '(Ljava/lang/Object;)Ljava/lang/Object;' in 'org/jetbrains/skiko/redrawer/WindowsOpenGLRedrawer$Companion$frameDispatcher$1')}
  0x000001d7c757caf0: 1749 b8a8 | 3615 e1d7 | 0100 0041 | 8088 a104 | 0000 01e9 | cc00 0000 

  0x000001d7c757cb08: ;   {metadata('org/jetbrains/skiko/redrawer/WindowsOpenGLRedrawer')}
  0x000001d7c757cb08: 48bf 9844 | 3400 0800 | 0000 8b50 | 0849 ba00 | 0000 0008 | 0000 0049 | 03d2 483b | fa0f 858d 
  0x000001d7c757cb28: ;   {metadata(method data for {method} {0x000001d7e0b1bde8} 'invokeSuspend' '(Ljava/lang/Object;)Ljava/lang/Object;' in 'org/jetbrains/skiko/redrawer/WindowsOpenGLRedrawer$Companion$frameDispatcher$1')}
  0x000001d7c757cb28: 0000 0049 | b8a8 3615 | e1d7 0100 | 008b 7808 | 49ba 0000 | 0000 0800 | 0000 4903 | fa49 3bb8 
  0x000001d7c757cb48: b804 0000 | 750d 4983 | 80c0 0400 | 0001 e979 | 0000 0049 | 3bb8 c804 | 0000 750d | 4983 80d0 
  0x000001d7c757cb68: 0400 0001 | e963 0000 | 0049 83b8 | b804 0000 | 0075 1749 | 89b8 b804 | 0000 49c7 | 80c0 0400 
  0x000001d7c757cb88: 0001 0000 | 00e9 4200 | 0000 4983 | b8c8 0400 | 0000 7517 | 4989 b8c8 | 0400 0049 | c780 d004 
  0x000001d7c757cba8: 0000 0100 | 0000 e921 | 0000 00e9 | 1c00 0000 

  0x000001d7c757cbb8: ;   {metadata(method data for {method} {0x000001d7e0b1bde8} 'invokeSuspend' '(Ljava/lang/Object;)Ljava/lang/Object;' in 'org/jetbrains/skiko/redrawer/WindowsOpenGLRedrawer$Companion$frameDispatcher$1')}
  0x000001d7c757cbb8: 49b8 a836 | 15e1 d701 | 0000 4983 | a8a8 0400 | 0001 e9e3 | 1f00 00e9 | 0000 0000 

  0x000001d7c757cbd4: ;   {metadata(method data for {method} {0x000001d7e0b1bde8} 'invokeSuspend' '(Ljava/lang/Object;)Ljava/lang/Object;' in 'org/jetbrains/skiko/redrawer/WindowsOpenGLRedrawer$Companion$frameDispatcher$1')}
  0x000001d7c757cbd4: 488b f048 | baa8 3615 | e1d7 0100 | 0048 8382 | e004 0000 

  0x000001d7c757cbe8: ;   {metadata(method data for {method} {0x000001d7e0b13308} 'access$makeCurrent' '(Lorg/jetbrains/skiko/redrawer/WindowsOpenGLRedrawer;)V' in 'org/jetbrains/skiko/redrawer/WindowsOpenGLRedrawer')}
  0x000001d7c757cbe8: 0148 ba38 | ed10 e1d7 | 0100 0044 | 8b82 cc00 | 0000 4183 | c002 4489 | 82cc 0000 | 0041 81e0 
  0x000001d7c757cc08: feff 1f00 | 4585 c00f | 84a6 1f00 | 0048 3b06 

  0x000001d7c757cc18: ;   {metadata(method data for {method} {0x000001d7e0b13308} 'access$makeCurrent' '(Lorg/jetbrains/skiko/redrawer/WindowsOpenGLRedrawer;)V' in 'org/jetbrains/skiko/redrawer/WindowsOpenGLRedrawer')}
  0x000001d7c757cc18: 488b d649 | b838 ed10 | e1d7 0100 | 0049 8380 | 1001 0000 

  0x000001d7c757cc2c: ;   {metadata(method data for {method} {0x000001d7e0b12eb0} 'makeCurrent' '()V' in 'org/jetbrains/skiko/redrawer/WindowsOpenGLRedrawer')}
  0x000001d7c757cc2c: 0148 bae8 | e110 e1d7 | 0100 0044 | 8b82 cc00 | 0000 4183 | c002 4489 | 82cc 0000 | 0041 81e0 
  0x000001d7c757cc4c: feff 1f00 | 4585 c00f | 8488 1f00 | 0048 8b56 | 284c 8b46 

  0x000001d7c757cc60: ;   {metadata(method data for {method} {0x000001d7e0b12eb0} 'makeCurrent' '()V' in 'org/jetbrains/skiko/redrawer/WindowsOpenGLRedrawer')}
  0x000001d7c757cc60: 3048 bfe8 | e110 e1d7 | 0100 0048 | 8387 1001 

  0x000001d7c757cc70: ;   {metadata(method data for {method} {0x000001d7e0b27f88} 'access$makeCurrent' '(JJ)V' in 'org/jetbrains/skiko/redrawer/WindowsOpenGLRedrawerKt')}
  0x000001d7c757cc70: 0000 0148 | bf48 e310 | e1d7 0100 | 008b 9fcc | 0000 0083 | c302 899f | cc00 0000 | 81e3 feff 
  0x000001d7c757cc90: 1f00 85db | 0f84 681f 

  0x000001d7c757cc98: ;   {metadata(method data for {method} {0x000001d7e0b27f88} 'access$makeCurrent' '(JJ)V' in 'org/jetbrains/skiko/redrawer/WindowsOpenGLRedrawerKt')}
  0x000001d7c757cc98: 0000 48bf | 48e3 10e1 | d701 0000 | 4883 8710 | 0100 0001 | 4889 b424 | f000 0000 

  0x000001d7c757ccb4: ;   {static_call}
  0x000001d7c757ccb4: 6666 90e8 

  0x000001d7c757ccb8: ; ImmutableOopMap {[208]=Oop [232]=Oop [240]=Oop }
                      ;*invokestatic makeCurrent {reexecute=0 rethrow=0 return_oop=0}
                      ; - org.jetbrains.skiko.redrawer.WindowsOpenGLRedrawerKt::access$makeCurrent@2 (line 1)
                      ; - org.jetbrains.skiko.redrawer.WindowsOpenGLRedrawer::makeCurrent@8 (line 82)
                      ; - org.jetbrains.skiko.redrawer.WindowsOpenGLRedrawer::access$makeCurrent@1 (line 7)
                      ; - org.jetbrains.skiko.redrawer.WindowsOpenGLRedrawer$Companion$frameDispatcher$1::invokeSuspend@144 (line 108)
  0x000001d7c757ccb8: 247b 4007 

  0x000001d7c757ccbc: ;   {other}
  0x000001d7c757ccbc: 0f1f 8400 | 2c19 000b 

  0x000001d7c757ccc4: ;   {metadata(method data for {method} {0x000001d7e0b1bde8} 'invokeSuspend' '(Ljava/lang/Object;)Ljava/lang/Object;' in 'org/jetbrains/skiko/redrawer/WindowsOpenGLRedrawer$Companion$frameDispatcher$1')}
  0x000001d7c757ccc4: 48ba a836 | 15e1 d701 | 0000 4883 | 82f0 0400 

  0x000001d7c757ccd4: ;   {metadata(method data for {method} {0x000001d7e0b133c8} 'access$draw' '(Lorg/jetbrains/skiko/redrawer/WindowsOpenGLRedrawer;)V' in 'org/jetbrains/skiko/redrawer/WindowsOpenGLRedrawer')}
  0x000001d7c757ccd4: 0001 48ba | 4844 15e1 | d701 0000 | 8bb2 cc00 | 0000 83c6 | 0289 b2cc | 0000 0081 | e6fe ff1f 
  0x000001d7c757ccf4: 0085 f60f | 8426 1f00 | 0048 8bb4 | 24f0 0000 

  0x000001d7c757cd04: ;   {metadata(method data for {method} {0x000001d7e0b133c8} 'access$draw' '(Lorg/jetbrains/skiko/redrawer/WindowsOpenGLRedrawer;)V' in 'org/jetbrains/skiko/redrawer/WindowsOpenGLRedrawer')}
  0x000001d7c757cd04: 0048 ba48 | 4415 e1d7 | 0100 0048 | 8382 1001 | 0000 0148 | 8b94 24f0 

  0x000001d7c757cd1c: ;   {optimized virtual_call}
  0x000001d7c757cd1c: 0000 00e8 

  0x000001d7c757cd20: ; ImmutableOopMap {[208]=Oop [232]=Oop }
                      ;*invokespecial draw {reexecute=0 rethrow=0 return_oop=0}
                      ; - org.jetbrains.skiko.redrawer.WindowsOpenGLRedrawer::access$draw@1 (line 7)
                      ; - org.jetbrains.skiko.redrawer.WindowsOpenGLRedrawer$Companion$frameDispatcher$1::invokeSuspend@149 (line 109)
  0x000001d7c757cd20: 1ca5 0b00 

  0x000001d7c757cd24: ;   {other}
  0x000001d7c757cd24: 0f1f 8400 | 9419 000c 

  0x000001d7c757cd2c: ;   {metadata(method data for {method} {0x000001d7e0b1bde8} 'invokeSuspend' '(Ljava/lang/Object;)Ljava/lang/Object;' in 'org/jetbrains/skiko/redrawer/WindowsOpenGLRedrawer$Companion$frameDispatcher$1')}
  0x000001d7c757cd2c: 48ba a836 | 15e1 d701 | 0000 8bb2 | d000 0000 | 83c6 0289 | b2d0 0000 | 0081 e6fe | 3f00 0085 
  0x000001d7c757cd4c: f60f 84f1 | 1e00 004d | 8b97 5004 

  0x000001d7c757cd58: ; ImmutableOopMap {[208]=Oop [232]=Oop }
                      ;*goto {reexecute=1 rethrow=0 return_oop=0}
                      ; - (reexecute) org.jetbrains.skiko.redrawer.WindowsOpenGLRedrawer$Companion$frameDispatcher$1::invokeSuspend@152 (line 109)
                      ;   {poll}
  0x000001d7c757cd58: 0000 4185 

  0x000001d7c757cd5c: ;   {metadata(method data for {method} {0x000001d7e0b1bde8} 'invokeSuspend' '(Ljava/lang/Object;)Ljava/lang/Object;' in 'org/jetbrains/skiko/redrawer/WindowsOpenGLRedrawer$Companion$frameDispatcher$1')}
  0x000001d7c757cd5c: 0248 baa8 | 3615 e1d7 | 0100 00ff | 8200 0500 | 0048 8bb4 | 24e8 0000 | 00e9 0efc 

  0x000001d7c757cd78: ;   {metadata(method data for {method} {0x000001d7e0b1bde8} 'invokeSuspend' '(Ljava/lang/Object;)Ljava/lang/Object;' in 'org/jetbrains/skiko/redrawer/WindowsOpenGLRedrawer$Companion$frameDispatcher$1')}
  0x000001d7c757cd78: ffff 48ba | a836 15e1 | d701 0000 | 4883 8218 | 0500 0001 

  0x000001d7c757cd8c: ;   {metadata(method data for {method} {0x000001d7e0b13248} 'access$getToRedrawVisible$cp' '()Lkotlin/sequences/Sequence;' in 'org/jetbrains/skiko/redrawer/WindowsOpenGLRedrawer')}
  0x000001d7c757cd8c: 48ba a0c2 | 0fe1 d701 | 0000 8bb2 | cc00 0000 | 83c6 0289 | b2cc 0000 | 0081 e6fe | ff1f 0085 
  0x000001d7c757cdac: f60f 84b2 

  0x000001d7c757cdb0: ;   {oop(a 'kotlin/sequences/FilteringSequence'{0x0000000700d292a8})}
  0x000001d7c757cdb0: 1e00 0048 | bba8 92d2 | 0007 0000 | 0048 8bd3 

  0x000001d7c757cdc0: ;   {metadata(method data for {method} {0x000001d7e0b1bde8} 'invokeSuspend' '(Ljava/lang/Object;)Ljava/lang/Object;' in 'org/jetbrains/skiko/redrawer/WindowsOpenGLRedrawer$Companion$frameDispatcher$1')}
  0x000001d7c757cdc0: 48be a836 | 15e1 d701 

  0x000001d7c757cdc8: ;   {metadata('kotlin/sequences/FilteringSequence')}
  0x000001d7c757cdc8: 0000 49ba | 0857 3400 | 0800 0000 | 4c89 9638 | 0500 0048 | 8386 4005 

  0x000001d7c757cde0: ;   {metadata(method data for {method} {0x000001d7e0b19408} 'iterator' '()Ljava/util/Iterator;' in 'kotlin/sequences/FilteringSequence')}
  0x000001d7c757cde0: 0000 0148 | bab8 940e | e1d7 0100 | 008b b2cc | 0000 0083 | c602 89b2 | cc00 0000 | 81e6 feff 
  0x000001d7c757ce00: 1f00 85f6 | 0f84 7c1e 

  0x000001d7c757ce08: ;   {metadata('kotlin/sequences/FilteringSequence$iterator$1')}
  0x000001d7c757ce08: 0000 48ba | 48fd 3c00 | 0800 0000 | 498b 87b8 | 0100 0048 | 8d78 2049 | 3bbf c801 | 0000 0f87 
  0x000001d7c757ce28: 7b1e 0000 | 4989 bfb8 | 0100 0048 | c700 0100 | 0000 488b | ca49 ba00 | 0000 0008 | 0000 0049 
  0x000001d7c757ce48: 2bca 8948 | 0848 33c9 | 8948 0c48 | 33c9 4889 | 4810 4889 | 4818 4889 | 8424 f800 | 0000 488b 
  0x000001d7c757ce68: ;   {metadata(method data for {method} {0x000001d7e0b19408} 'iterator' '()Ljava/util/Iterator;' in 'kotlin/sequences/FilteringSequence')}
  0x000001d7c757ce68: d048 beb8 | 940e e1d7 | 0100 0048 | 8386 1001 

  0x000001d7c757ce78: ;   {metadata(method data for {method} {0x000001d7e10476c8} '<init>' '(Lkotlin/sequences/FilteringSequence;)V' in 'kotlin/sequences/FilteringSequence$iterator$1')}
  0x000001d7c757ce78: 0000 0148 | ba50 960e | e1d7 0100 | 008b b2cc | 0000 0083 | c602 89b2 | cc00 0000 | 81e6 feff 
  0x000001d7c757ce98: 1f00 85f6 | 0f84 121e | 0000 410f | be57 4085 | d20f 8526 

  0x000001d7c757ceac: ;   {oop(a 'kotlin/sequences/FilteringSequence'{0x0000000700d292a8})}
  0x000001d7c757ceac: 1e00 0049 | baa8 92d2 | 0007 0000 | 0049 c1ea | 0344 8950 

  0x000001d7c757cec0: ;   {oop(a 'kotlin/sequences/FilteringSequence'{0x0000000700d292a8})}
  0x000001d7c757cec0: 1848 baa8 | 92d2 0007 | 0000 0048 | 8bf0 4833 | f248 c1ee | 1548 83fe | 000f 8515 | 1e00 0048 
  0x000001d7c757cee0: ;   {metadata(method data for {method} {0x000001d7e10476c8} '<init>' '(Lkotlin/sequences/FilteringSequence;)V' in 'kotlin/sequences/FilteringSequence$iterator$1')}
  0x000001d7c757cee0: 8bd0 48be | 5096 0ee1 | d701 0000 | 4883 8610 | 0100 0001 

  0x000001d7c757cef4: ;   {metadata(method data for {method} {0x000001d7df000638} '<init>' '()V' in 'java/lang/Object')}
  0x000001d7c757cef4: 48ba e093 | 27df d701 | 0000 8bb2 | cc00 0000 | 83c6 0289 | b2cc 0000 | 0081 e6fe | ff1f 0085 
  0x000001d7c757cf14: f60f 84f1 

  0x000001d7c757cf18: ;   {metadata(method data for {method} {0x000001d7e10476c8} '<init>' '(Lkotlin/sequences/FilteringSequence;)V' in 'kotlin/sequences/FilteringSequence$iterator$1')}
  0x000001d7c757cf18: 1d00 0048 | ba50 960e | e1d7 0100 | 0048 8382 | 2001 0000 | 018b 5310 | 48c1 e203 

  0x000001d7c757cf34: ; implicit exception: dispatches to 0x000001d7c757ed2d
  0x000001d7c757cf34: 483b 0248 

  0x000001d7c757cf38: ;   {metadata(method data for {method} {0x000001d7e10476c8} '<init>' '(Lkotlin/sequences/FilteringSequence;)V' in 'kotlin/sequences/FilteringSequence$iterator$1')}
  0x000001d7c757cf38: 8bf2 48bf | 5096 0ee1 | d701 0000 | 8b76 0849 | ba00 0000 | 0008 0000 | 0049 03f2 | 483b b740 
  0x000001d7c757cf58: 0100 0075 | 0d48 8387 | 4801 0000 | 01e9 6000 | 0000 483b | b750 0100 | 0075 0d48 | 8387 5801 
  0x000001d7c757cf78: 0000 01e9 | 4a00 0000 | 4883 bf40 | 0100 0000 | 7517 4889 | b740 0100 | 0048 c787 | 4801 0000 
  0x000001d7c757cf98: 0100 0000 | e929 0000 | 0048 83bf | 5001 0000 | 0075 1748 | 89b7 5001 | 0000 48c7 | 8758 0100 
  0x000001d7c757cfb8: 0001 0000 | 00e9 0800 | 0000 4883 | 8730 0100 | 0001 6666 | 9048 b808 | 5734 0008 

  0x000001d7c757cfd4: ;   {virtual_call}
  0x000001d7c757cfd4: 0000 00e8 

  0x000001d7c757cfd8: ; ImmutableOopMap {[208]=Oop [248]=Oop }
                      ;*invokeinterface iterator {reexecute=0 rethrow=0 return_oop=0}
                      ; - kotlin.sequences.FilteringSequence$iterator$1::<init>@14 (line 164)
                      ; - kotlin.sequences.FilteringSequence::iterator@5 (line 163)
                      ; - org.jetbrains.skiko.redrawer.WindowsOpenGLRedrawer$Companion$frameDispatcher$1::invokeSuspend@158 (line 112)
  0x000001d7c757cfd8: 04a8 4d07 

  0x000001d7c757cfdc: ;   {other}
  0x000001d7c757cfdc: 0f1f 8400 | 4c1c 000e | 410f be57 | 4085 d248 | 8bb4 24f8 | 0000 000f | 8539 1d00 | 004c 8bd0 
  0x000001d7c757cffc: 49c1 ea03 | 4489 5610 | 488b d648 | 33d0 48c1 | ea15 4883 | fa00 0f85 | 391d 0000 | c746 0cff 
  0x000001d7c757d01c: ffff ff90 

  0x000001d7c757d020: ;   {metadata(method data for {method} {0x000001d7e0b1bde8} 'invokeSuspend' '(Ljava/lang/Object;)Ljava/lang/Object;' in 'org/jetbrains/skiko/redrawer/WindowsOpenGLRedrawer$Companion$frameDispatcher$1')}
  0x000001d7c757d020: 488b c648 | baa8 3615 | e1d7 0100 

  0x000001d7c757d02c: ;   {metadata('kotlin/sequences/FilteringSequence$iterator$1')}
  0x000001d7c757d02c: 0049 ba48 | fd3c 0008 | 0000 004c | 8992 7005 | 0000 4883 | 8278 0500 

  0x000001d7c757d044: ;   {metadata(method data for {method} {0x000001d7e1047da8} 'hasNext' '()Z' in 'kotlin/sequences/FilteringSequence$iterator$1')}
  0x000001d7c757d044: 0001 48ba | 0844 09e1 | d701 0000 | 8bba cc00 | 0000 83c7 | 0289 bacc | 0000 0081 | e7fe ff1f 
  0x000001d7c757d064: 0085 ff0f | 84fc 1c00 | 008b 560c 

  0x000001d7c757d070: ;   {metadata(method data for {method} {0x000001d7e1047da8} 'hasNext' '()Z' in 'kotlin/sequences/FilteringSequence$iterator$1')}
  0x000001d7c757d070: 83fa ff48 | ba08 4409 | e1d7 0100 | 0048 c7c7 | 1001 0000 | 7507 48c7 | c720 0100 | 0048 8b1c 
  0x000001d7c757d090: 3a48 8d5b | 0148 891c | 3a48 8bc6 | 0f85 2a00 

  0x000001d7c757d0a0: ;   {metadata(method data for {method} {0x000001d7e1047da8} 'hasNext' '()Z' in 'kotlin/sequences/FilteringSequence$iterator$1')}
  0x000001d7c757d0a0: 0000 48ba | 0844 09e1 | d701 0000 | 4883 8230 | 0100 0001 

  0x000001d7c757d0b4: ;   {optimized virtual_call}
  0x000001d7c757d0b4: 488b d6e8 

  0x000001d7c757d0b8: ; ImmutableOopMap {[208]=Oop [248]=Oop }
                      ;*invokespecial calcNext {reexecute=0 rethrow=0 return_oop=0}
                      ; - kotlin.sequences.FilteringSequence$iterator$1::hasNext@9 (line 194)
                      ; - org.jetbrains.skiko.redrawer.WindowsOpenGLRedrawer$Companion$frameDispatcher$1::invokeSuspend@167 (line 112)
  0x000001d7c757d0b8: 0426 4707 

  0x000001d7c757d0bc: ;   {other}
  0x000001d7c757d0bc: 0f1f 8400 | 2c1d 000f | 488b 8424 | f800 0000 | 8b50 0c83 

  0x000001d7c757d0d0: ;   {metadata(method data for {method} {0x000001d7e1047da8} 'hasNext' '()Z' in 'kotlin/sequences/FilteringSequence$iterator$1')}
  0x000001d7c757d0d0: fa01 48ba | 0844 09e1 | d701 0000 | 48c7 c640 | 0100 0075 | 0748 c7c6 | 5001 0000 | 488b 3c32 
  0x000001d7c757d0f0: 488d 7f01 | 4889 3c32 | 0f85 1a00 

  0x000001d7c757d0fc: ;   {metadata(method data for {method} {0x000001d7e1047da8} 'hasNext' '()Z' in 'kotlin/sequences/FilteringSequence$iterator$1')}
  0x000001d7c757d0fc: 0000 48ba | 0844 09e1 | d701 0000 | ff82 6001 | 0000 ba01 | 0000 00e9 | 0500 0000 | ba00 0000 
  0x000001d7c757d11c: 0083 e201 

  0x000001d7c757d120: ;   {metadata(method data for {method} {0x000001d7e0b1bde8} 'invokeSuspend' '(Ljava/lang/Object;)Ljava/lang/Object;' in 'org/jetbrains/skiko/redrawer/WindowsOpenGLRedrawer$Companion$frameDispatcher$1')}
  0x000001d7c757d120: 85d2 48ba | a836 15e1 | d701 0000 | 48c7 c698 | 0500 0074 | 0748 c7c6 | a805 0000 | 488b 3c32 
  0x000001d7c757d140: 488d 7f01 | 4889 3c32 | 0f84 4c02 | 0000 488b 

  0x000001d7c757d150: ;   {metadata(method data for {method} {0x000001d7e0b1bde8} 'invokeSuspend' '(Ljava/lang/Object;)Ljava/lang/Object;' in 'org/jetbrains/skiko/redrawer/WindowsOpenGLRedrawer$Companion$frameDispatcher$1')}
  0x000001d7c757d150: d048 bea8 | 3615 e1d7 

  0x000001d7c757d158: ;   {metadata('kotlin/sequences/FilteringSequence$iterator$1')}
  0x000001d7c757d158: 0100 0049 | ba48 fd3c | 0008 0000 | 004c 8996 | c805 0000 | 4883 86d0 | 0500 0001 

  0x000001d7c757d174: ;   {optimized virtual_call}
  0x000001d7c757d174: 488b d0e8 

  0x000001d7c757d178: ; ImmutableOopMap {[208]=Oop [248]=Oop }
                      ;*invokeinterface next {reexecute=0 rethrow=0 return_oop=0}
                      ; - org.jetbrains.skiko.redrawer.WindowsOpenGLRedrawer$Companion$frameDispatcher$1::invokeSuspend@177 (line 112)
  0x000001d7c757d178: 4492 4b07 

  0x000001d7c757d17c: ;   {other}
  0x000001d7c757d17c: 0f1f 8400 | ec1d 0010 | 4885 c075 

  0x000001d7c757d188: ;   {metadata(method data for {method} {0x000001d7e0b1bde8} 'invokeSuspend' '(Ljava/lang/Object;)Ljava/lang/Object;' in 'org/jetbrains/skiko/redrawer/WindowsOpenGLRedrawer$Companion$frameDispatcher$1')}
  0x000001d7c757d188: 1648 bfa8 | 3615 e1d7 | 0100 0080 | 8fe9 0500 | 0001 e9cc 

  0x000001d7c757d19c: ;   {metadata('org/jetbrains/skiko/redrawer/WindowsOpenGLRedrawer')}
  0x000001d7c757d19c: 0000 0048 | bb98 4434 | 0008 0000 | 008b 7008 | 49ba 0000 | 0000 0800 | 0000 4903 | f248 3bde 
  0x000001d7c757d1bc: 0f85 8d00 

  0x000001d7c757d1c0: ;   {metadata(method data for {method} {0x000001d7e0b1bde8} 'invokeSuspend' '(Ljava/lang/Object;)Ljava/lang/Object;' in 'org/jetbrains/skiko/redrawer/WindowsOpenGLRedrawer$Companion$frameDispatcher$1')}
  0x000001d7c757d1c0: 0000 48bf | a836 15e1 | d701 0000 | 8b58 0849 | ba00 0000 | 0008 0000 | 0049 03da | 483b 9f00 
  0x000001d7c757d1e0: 0600 0075 | 0d48 8387 | 0806 0000 | 01e9 7900 | 0000 483b | 9f10 0600 | 0075 0d48 | 8387 1806 
  0x000001d7c757d200: 0000 01e9 | 6300 0000 | 4883 bf00 | 0600 0000 | 7517 4889 | 9f00 0600 | 0048 c787 | 0806 0000 
  0x000001d7c757d220: 0100 0000 | e942 0000 | 0048 83bf | 1006 0000 | 0075 1748 | 899f 1006 | 0000 48c7 | 8718 0600 
  0x000001d7c757d240: 0001 0000 | 00e9 2100 | 0000 e91c 

  0x000001d7c757d24c: ;   {metadata(method data for {method} {0x000001d7e0b1bde8} 'invokeSuspend' '(Ljava/lang/Object;)Ljava/lang/Object;' in 'org/jetbrains/skiko/redrawer/WindowsOpenGLRedrawer$Companion$frameDispatcher$1')}
  0x000001d7c757d24c: 0000 0048 | bfa8 3615 | e1d7 0100 | 0048 83af | f005 0000 | 01e9 241b | 0000 e900 | 0000 0048 
  0x000001d7c757d26c: ;   {metadata(method data for {method} {0x000001d7e0b1bde8} 'invokeSuspend' '(Ljava/lang/Object;)Ljava/lang/Object;' in 'org/jetbrains/skiko/redrawer/WindowsOpenGLRedrawer$Companion$frameDispatcher$1')}
  0x000001d7c757d26c: 8bd0 48be | a836 15e1 | d701 0000 | 4883 8628 | 0600 0001 

  0x000001d7c757d280: ;   {metadata(method data for {method} {0x000001d7e0b13488} 'access$swapBuffers' '(Lorg/jetbrains/skiko/redrawer/WindowsOpenGLRedrawer;)V' in 'org/jetbrains/skiko/redrawer/WindowsOpenGLRedrawer')}
  0x000001d7c757d280: 48be 284e | 15e1 d701 | 0000 8bbe | cc00 0000 | 83c7 0289 | becc 0000 | 0081 e7fe | ff1f 0085 
  0x000001d7c757d2a0: ff0f 84ec | 1a00 0048 | 3b02 488b 

  0x000001d7c757d2ac: ;   {metadata(method data for {method} {0x000001d7e0b13488} 'access$swapBuffers' '(Lorg/jetbrains/skiko/redrawer/WindowsOpenGLRedrawer;)V' in 'org/jetbrains/skiko/redrawer/WindowsOpenGLRedrawer')}
  0x000001d7c757d2ac: f248 bf28 | 4e15 e1d7 | 0100 0048 | 8387 1001 

  0x000001d7c757d2bc: ;   {metadata(method data for {method} {0x000001d7e0b12f78} 'swapBuffers' '()V' in 'org/jetbrains/skiko/redrawer/WindowsOpenGLRedrawer')}
  0x000001d7c757d2bc: 0000 0148 | be68 4f15 | e1d7 0100 | 008b becc | 0000 0083 | c702 89be | cc00 0000 | 81e7 feff 
  0x000001d7c757d2dc: 1f00 85ff | 0f84 d31a | 0000 488b 

  0x000001d7c757d2e8: ;   {metadata(method data for {method} {0x000001d7e0b12f78} 'swapBuffers' '()V' in 'org/jetbrains/skiko/redrawer/WindowsOpenGLRedrawer')}
  0x000001d7c757d2e8: 7228 48ba | 684f 15e1 | d701 0000 | 4883 8210 | 0100 0001 

  0x000001d7c757d2fc: ;   {metadata(method data for {method} {0x000001d7e0b28058} 'access$swapBuffers' '(J)V' in 'org/jetbrains/skiko/redrawer/WindowsOpenGLRedrawerKt')}
  0x000001d7c757d2fc: 48ba c850 | 15e1 d701 | 0000 8bba | cc00 0000 | 83c7 0289 | bacc 0000 | 0081 e7fe | ff1f 0085 
  0x000001d7c757d31c: ff0f 84b7 

  0x000001d7c757d320: ;   {metadata(method data for {method} {0x000001d7e0b28058} 'access$swapBuffers' '(J)V' in 'org/jetbrains/skiko/redrawer/WindowsOpenGLRedrawerKt')}
  0x000001d7c757d320: 1a00 0048 | bac8 5015 | e1d7 0100 | 0048 8382 | 1001 0000 | 0148 8bd6 | 0f1f 8000 

  0x000001d7c757d33c: ;   {static_call}
  0x000001d7c757d33c: 0000 00e8 

  0x000001d7c757d340: ; ImmutableOopMap {[208]=Oop [248]=Oop }
                      ;*invokestatic swapBuffers {reexecute=0 rethrow=0 return_oop=0}
                      ; - org.jetbrains.skiko.redrawer.WindowsOpenGLRedrawerKt::access$swapBuffers@1 (line 1)
                      ; - org.jetbrains.skiko.redrawer.WindowsOpenGLRedrawer::swapBuffers@4 (line 83)
                      ; - org.jetbrains.skiko.redrawer.WindowsOpenGLRedrawer::access$swapBuffers@1 (line 7)
                      ; - org.jetbrains.skiko.redrawer.WindowsOpenGLRedrawer$Companion$frameDispatcher$1::invokeSuspend@189 (line 113)
  0x000001d7c757d340: 9c33 4207 

  0x000001d7c757d344: ;   {other}
  0x000001d7c757d344: 0f1f 8400 | b41f 0011 

  0x000001d7c757d34c: ;   {metadata(method data for {method} {0x000001d7e0b1bde8} 'invokeSuspend' '(Ljava/lang/Object;)Ljava/lang/Object;' in 'org/jetbrains/skiko/redrawer/WindowsOpenGLRedrawer$Companion$frameDispatcher$1')}
  0x000001d7c757d34c: 48ba a836 | 15e1 d701 | 0000 8bb2 | d000 0000 | 83c6 0289 | b2d0 0000 | 0081 e6fe | 3f00 0085 
  0x000001d7c757d36c: f60f 8488 | 1a00 004d | 8b97 5004 

  0x000001d7c757d378: ; ImmutableOopMap {[208]=Oop [248]=Oop }
                      ;*goto {reexecute=1 rethrow=0 return_oop=0}
                      ; - (reexecute) org.jetbrains.skiko.redrawer.WindowsOpenGLRedrawer$Companion$frameDispatcher$1::invokeSuspend@192 (line 113)
                      ;   {poll}
  0x000001d7c757d378: 0000 4185 

  0x000001d7c757d37c: ;   {metadata(method data for {method} {0x000001d7e0b1bde8} 'invokeSuspend' '(Ljava/lang/Object;)Ljava/lang/Object;' in 'org/jetbrains/skiko/redrawer/WindowsOpenGLRedrawer$Companion$frameDispatcher$1')}
  0x000001d7c757d37c: 0248 baa8 | 3615 e1d7 | 0100 00ff | 8238 0600 | 0048 8bb4 | 24f8 0000 | 00e9 86fc 

  0x000001d7c757d398: ;   {metadata(method data for {method} {0x000001d7e0b1bde8} 'invokeSuspend' '(Ljava/lang/Object;)Ljava/lang/Object;' in 'org/jetbrains/skiko/redrawer/WindowsOpenGLRedrawer$Companion$frameDispatcher$1')}
  0x000001d7c757d398: ffff 48ba | a836 15e1 | d701 0000 | 4883 8250 | 0600 0001 

  0x000001d7c757d3ac: ;   {metadata(method data for {method} {0x000001d7e0b13248} 'access$getToRedrawVisible$cp' '()Lkotlin/sequences/Sequence;' in 'org/jetbrains/skiko/redrawer/WindowsOpenGLRedrawer')}
  0x000001d7c757d3ac: 48ba a0c2 | 0fe1 d701 | 0000 8bb2 | cc00 0000 | 83c6 0289 | b2cc 0000 | 0081 e6fe | ff1f 0085 
  0x000001d7c757d3cc: f60f 8449 

  0x000001d7c757d3d0: ;   {oop(a 'kotlin/sequences/FilteringSequence'{0x0000000700d292a8})}
  0x000001d7c757d3d0: 1a00 0048 | bba8 92d2 | 0007 0000 | 0048 8bd3 

  0x000001d7c757d3e0: ;   {metadata(method data for {method} {0x000001d7e0b1bde8} 'invokeSuspend' '(Ljava/lang/Object;)Ljava/lang/Object;' in 'org/jetbrains/skiko/redrawer/WindowsOpenGLRedrawer$Companion$frameDispatcher$1')}
  0x000001d7c757d3e0: 48be a836 | 15e1 d701 

  0x000001d7c757d3e8: ;   {metadata('kotlin/sequences/FilteringSequence')}
  0x000001d7c757d3e8: 0000 49ba | 0857 3400 | 0800 0000 | 4c89 9670 | 0600 0048 | 8386 7806 

  0x000001d7c757d400: ;   {metadata(method data for {method} {0x000001d7e0b19408} 'iterator' '()Ljava/util/Iterator;' in 'kotlin/sequences/FilteringSequence')}
  0x000001d7c757d400: 0000 0148 | bab8 940e | e1d7 0100 | 008b b2cc | 0000 0083 | c602 89b2 | cc00 0000 | 81e6 feff 
  0x000001d7c757d420: 1f00 85f6 | 0f84 131a 

  0x000001d7c757d428: ;   {metadata('kotlin/sequences/FilteringSequence$iterator$1')}
  0x000001d7c757d428: 0000 48ba | 48fd 3c00 | 0800 0000 | 498b 87b8 | 0100 0048 | 8d78 2049 | 3bbf c801 | 0000 0f87 
  0x000001d7c757d448: 121a 0000 | 4989 bfb8 | 0100 0048 | c700 0100 | 0000 488b | ca49 ba00 | 0000 0008 | 0000 0049 
  0x000001d7c757d468: 2bca 8948 | 0848 33c9 | 8948 0c48 | 33c9 4889 | 4810 4889 | 4818 4889 | 8424 0001 | 0000 488b 
  0x000001d7c757d488: ;   {metadata(method data for {method} {0x000001d7e0b19408} 'iterator' '()Ljava/util/Iterator;' in 'kotlin/sequences/FilteringSequence')}
  0x000001d7c757d488: d048 beb8 | 940e e1d7 | 0100 0048 | 8386 1001 

  0x000001d7c757d498: ;   {metadata(method data for {method} {0x000001d7e10476c8} '<init>' '(Lkotlin/sequences/FilteringSequence;)V' in 'kotlin/sequences/FilteringSequence$iterator$1')}
  0x000001d7c757d498: 0000 0148 | ba50 960e | e1d7 0100 | 008b b2cc | 0000 0083 | c602 89b2 | cc00 0000 | 81e6 feff 
  0x000001d7c757d4b8: 1f00 85f6 | 0f84 a919 | 0000 410f | be57 4085 | d20f 85bd 

  0x000001d7c757d4cc: ;   {oop(a 'kotlin/sequences/FilteringSequence'{0x0000000700d292a8})}
  0x000001d7c757d4cc: 1900 0049 | baa8 92d2 | 0007 0000 | 0049 c1ea | 0344 8950 

  0x000001d7c757d4e0: ;   {oop(a 'kotlin/sequences/FilteringSequence'{0x0000000700d292a8})}
  0x000001d7c757d4e0: 1848 baa8 | 92d2 0007 | 0000 0048 | 8bf0 4833 | f248 c1ee | 1548 83fe | 000f 85ac | 1900 0048 
  0x000001d7c757d500: ;   {metadata(method data for {method} {0x000001d7e10476c8} '<init>' '(Lkotlin/sequences/FilteringSequence;)V' in 'kotlin/sequences/FilteringSequence$iterator$1')}
  0x000001d7c757d500: 8bd0 48be | 5096 0ee1 | d701 0000 | 4883 8610 | 0100 0001 

  0x000001d7c757d514: ;   {metadata(method data for {method} {0x000001d7df000638} '<init>' '()V' in 'java/lang/Object')}
  0x000001d7c757d514: 48ba e093 | 27df d701 | 0000 8bb2 | cc00 0000 | 83c6 0289 | b2cc 0000 | 0081 e6fe | ff1f 0085 
  0x000001d7c757d534: f60f 8488 

  0x000001d7c757d538: ;   {metadata(method data for {method} {0x000001d7e10476c8} '<init>' '(Lkotlin/sequences/FilteringSequence;)V' in 'kotlin/sequences/FilteringSequence$iterator$1')}
  0x000001d7c757d538: 1900 0048 | ba50 960e | e1d7 0100 | 0048 8382 | 2001 0000 | 018b 5310 | 48c1 e203 

  0x000001d7c757d554: ; implicit exception: dispatches to 0x000001d7c757eee4
  0x000001d7c757d554: 483b 0248 

  0x000001d7c757d558: ;   {metadata(method data for {method} {0x000001d7e10476c8} '<init>' '(Lkotlin/sequences/FilteringSequence;)V' in 'kotlin/sequences/FilteringSequence$iterator$1')}
  0x000001d7c757d558: 8bf2 48bf | 5096 0ee1 | d701 0000 | 8b76 0849 | ba00 0000 | 0008 0000 | 0049 03f2 | 483b b740 
  0x000001d7c757d578: 0100 0075 | 0d48 8387 | 4801 0000 | 01e9 6000 | 0000 483b | b750 0100 | 0075 0d48 | 8387 5801 
  0x000001d7c757d598: 0000 01e9 | 4a00 0000 | 4883 bf40 | 0100 0000 | 7517 4889 | b740 0100 | 0048 c787 | 4801 0000 
  0x000001d7c757d5b8: 0100 0000 | e929 0000 | 0048 83bf | 5001 0000 | 0075 1748 | 89b7 5001 | 0000 48c7 | 8758 0100 
  0x000001d7c757d5d8: 0001 0000 | 00e9 0800 | 0000 4883 | 8730 0100 | 0001 6666 | 9048 b808 | 5734 0008 

  0x000001d7c757d5f4: ;   {virtual_call}
  0x000001d7c757d5f4: 0000 00e8 

  0x000001d7c757d5f8: ; ImmutableOopMap {[208]=Oop [256]=Oop }
                      ;*invokeinterface iterator {reexecute=0 rethrow=0 return_oop=0}
                      ; - kotlin.sequences.FilteringSequence$iterator$1::<init>@14 (line 164)
                      ; - kotlin.sequences.FilteringSequence::iterator@5 (line 163)
                      ; - org.jetbrains.skiko.redrawer.WindowsOpenGLRedrawer$Companion$frameDispatcher$1::invokeSuspend@198 (line 116)
  0x000001d7c757d5f8: e4a1 4d07 

  0x000001d7c757d5fc: ;   {other}
  0x000001d7c757d5fc: 0f1f 8400 | 6c22 0013 | 410f be57 | 4085 d248 | 8bb4 2400 | 0100 000f | 85d0 1800 | 004c 8bd0 
  0x000001d7c757d61c: 49c1 ea03 | 4489 5610 | 488b d648 | 33d0 48c1 | ea15 4883 | fa00 0f85 | d018 0000 | c746 0cff 
  0x000001d7c757d63c: ffff ff90 

  0x000001d7c757d640: ;   {metadata(method data for {method} {0x000001d7e0b1bde8} 'invokeSuspend' '(Ljava/lang/Object;)Ljava/lang/Object;' in 'org/jetbrains/skiko/redrawer/WindowsOpenGLRedrawer$Companion$frameDispatcher$1')}
  0x000001d7c757d640: 488b c648 | baa8 3615 | e1d7 0100 

  0x000001d7c757d64c: ;   {metadata('kotlin/sequences/FilteringSequence$iterator$1')}
  0x000001d7c757d64c: 0049 ba48 | fd3c 0008 | 0000 004c | 8992 a806 | 0000 4883 | 82b0 0600 

  0x000001d7c757d664: ;   {metadata(method data for {method} {0x000001d7e1047da8} 'hasNext' '()Z' in 'kotlin/sequences/FilteringSequence$iterator$1')}
  0x000001d7c757d664: 0001 48ba | 0844 09e1 | d701 0000 | 8bba cc00 | 0000 83c7 | 0289 bacc | 0000 0081 | e7fe ff1f 
  0x000001d7c757d684: 0085 ff0f | 8493 1800 | 008b 560c 

  0x000001d7c757d690: ;   {metadata(method data for {method} {0x000001d7e1047da8} 'hasNext' '()Z' in 'kotlin/sequences/FilteringSequence$iterator$1')}
  0x000001d7c757d690: 83fa ff48 | ba08 4409 | e1d7 0100 | 0048 c7c7 | 1001 0000 | 7507 48c7 | c720 0100 | 0048 8b1c 
  0x000001d7c757d6b0: 3a48 8d5b | 0148 891c | 3a48 8bc6 | 0f85 2a00 

  0x000001d7c757d6c0: ;   {metadata(method data for {method} {0x000001d7e1047da8} 'hasNext' '()Z' in 'kotlin/sequences/FilteringSequence$iterator$1')}
  0x000001d7c757d6c0: 0000 48ba | 0844 09e1 | d701 0000 | 4883 8230 | 0100 0001 

  0x000001d7c757d6d4: ;   {optimized virtual_call}
  0x000001d7c757d6d4: 488b d6e8 

  0x000001d7c757d6d8: ; ImmutableOopMap {[208]=Oop [256]=Oop }
                      ;*invokespecial calcNext {reexecute=0 rethrow=0 return_oop=0}
                      ; - kotlin.sequences.FilteringSequence$iterator$1::hasNext@9 (line 194)
                      ; - org.jetbrains.skiko.redrawer.WindowsOpenGLRedrawer$Companion$frameDispatcher$1::invokeSuspend@207 (line 116)
  0x000001d7c757d6d8: e41f 4707 

  0x000001d7c757d6dc: ;   {other}
  0x000001d7c757d6dc: 0f1f 8400 | 4c23 0014 | 488b 8424 | 0001 0000 | 8b50 0c83 

  0x000001d7c757d6f0: ;   {metadata(method data for {method} {0x000001d7e1047da8} 'hasNext' '()Z' in 'kotlin/sequences/FilteringSequence$iterator$1')}
  0x000001d7c757d6f0: fa01 48ba | 0844 09e1 | d701 0000 | 48c7 c640 | 0100 0075 | 0748 c7c6 | 5001 0000 | 488b 3c32 
  0x000001d7c757d710: 488d 7f01 | 4889 3c32 | 0f85 1a00 

  0x000001d7c757d71c: ;   {metadata(method data for {method} {0x000001d7e1047da8} 'hasNext' '()Z' in 'kotlin/sequences/FilteringSequence$iterator$1')}
  0x000001d7c757d71c: 0000 48ba | 0844 09e1 | d701 0000 | ff82 6001 | 0000 ba01 | 0000 00e9 | 0500 0000 | ba00 0000 
  0x000001d7c757d73c: 0083 e201 

  0x000001d7c757d740: ;   {metadata(method data for {method} {0x000001d7e0b1bde8} 'invokeSuspend' '(Ljava/lang/Object;)Ljava/lang/Object;' in 'org/jetbrains/skiko/redrawer/WindowsOpenGLRedrawer$Companion$frameDispatcher$1')}
  0x000001d7c757d740: 85d2 48ba | a836 15e1 | d701 0000 | 48c7 c6d0 | 0600 0074 | 0748 c7c6 | e006 0000 | 488b 3c32 
  0x000001d7c757d760: 488d 7f01 | 4889 3c32 | 0f84 fc02 | 0000 488b 

  0x000001d7c757d770: ;   {metadata(method data for {method} {0x000001d7e0b1bde8} 'invokeSuspend' '(Ljava/lang/Object;)Ljava/lang/Object;' in 'org/jetbrains/skiko/redrawer/WindowsOpenGLRedrawer$Companion$frameDispatcher$1')}
  0x000001d7c757d770: d048 bea8 | 3615 e1d7 

  0x000001d7c757d778: ;   {metadata('kotlin/sequences/FilteringSequence$iterator$1')}
  0x000001d7c757d778: 0100 0049 | ba48 fd3c | 0008 0000 | 004c 8996 | 0007 0000 | 4883 8608 | 0700 0001 

  0x000001d7c757d794: ;   {optimized virtual_call}
  0x000001d7c757d794: 488b d0e8 

  0x000001d7c757d798: ; ImmutableOopMap {[208]=Oop [256]=Oop }
                      ;*invokeinterface next {reexecute=0 rethrow=0 return_oop=0}
                      ; - org.jetbrains.skiko.redrawer.WindowsOpenGLRedrawer$Companion$frameDispatcher$1::invokeSuspend@217 (line 116)
  0x000001d7c757d798: 248c 4b07 

  0x000001d7c757d79c: ;   {other}
  0x000001d7c757d79c: 0f1f 8400 | 0c24 0015 | 4885 c075 

  0x000001d7c757d7a8: ;   {metadata(method data for {method} {0x000001d7e0b1bde8} 'invokeSuspend' '(Ljava/lang/Object;)Ljava/lang/Object;' in 'org/jetbrains/skiko/redrawer/WindowsOpenGLRedrawer$Companion$frameDispatcher$1')}
  0x000001d7c757d7a8: 1648 bea8 | 3615 e1d7 | 0100 0080 | 8e21 0700 | 0001 e9cd 

  0x000001d7c757d7bc: ;   {metadata('org/jetbrains/skiko/redrawer/WindowsOpenGLRedrawer')}
  0x000001d7c757d7bc: 0000 0048 | bf98 4434 | 0008 0000 | 0044 8b40 | 0849 ba00 | 0000 0008 | 0000 004d | 03c2 493b 
  0x000001d7c757d7dc: f80f 858d 

  0x000001d7c757d7e0: ;   {metadata(method data for {method} {0x000001d7e0b1bde8} 'invokeSuspend' '(Ljava/lang/Object;)Ljava/lang/Object;' in 'org/jetbrains/skiko/redrawer/WindowsOpenGLRedrawer$Companion$frameDispatcher$1')}
  0x000001d7c757d7e0: 0000 0048 | bea8 3615 | e1d7 0100 | 008b 7808 | 49ba 0000 | 0000 0800 | 0000 4903 | fa48 3bbe 
  0x000001d7c757d800: 3807 0000 | 750d 4883 | 8640 0700 | 0001 e979 | 0000 0048 | 3bbe 4807 | 0000 750d | 4883 8650 
  0x000001d7c757d820: 0700 0001 | e963 0000 | 0048 83be | 3807 0000 | 0075 1748 | 89be 3807 | 0000 48c7 | 8640 0700 
  0x000001d7c757d840: 0001 0000 | 00e9 4200 | 0000 4883 | be48 0700 | 0000 7517 | 4889 be48 | 0700 0048 | c786 5007 
  0x000001d7c757d860: 0000 0100 | 0000 e921 | 0000 00e9 | 1c00 0000 

  0x000001d7c757d870: ;   {metadata(method data for {method} {0x000001d7e0b1bde8} 'invokeSuspend' '(Ljava/lang/Object;)Ljava/lang/Object;' in 'org/jetbrains/skiko/redrawer/WindowsOpenGLRedrawer$Companion$frameDispatcher$1')}
  0x000001d7c757d870: 48be a836 | 15e1 d701 | 0000 4883 | ae28 0700 | 0001 e9ba | 1600 00e9 | 0000 0000 

  0x000001d7c757d88c: ;   {metadata(method data for {method} {0x000001d7e0b1bde8} 'invokeSuspend' '(Ljava/lang/Object;)Ljava/lang/Object;' in 'org/jetbrains/skiko/redrawer/WindowsOpenGLRedrawer$Companion$frameDispatcher$1')}
  0x000001d7c757d88c: 488b d049 | b8a8 3615 | e1d7 0100 | 0049 8380 | 6007 0000 

  0x000001d7c757d8a0: ;   {metadata(method data for {method} {0x000001d7e0b13308} 'access$makeCurrent' '(Lorg/jetbrains/skiko/redrawer/WindowsOpenGLRedrawer;)V' in 'org/jetbrains/skiko/redrawer/WindowsOpenGLRedrawer')}
  0x000001d7c757d8a0: 0149 b838 | ed10 e1d7 | 0100 0041 | 8bb0 cc00 | 0000 83c6 | 0241 89b0 | cc00 0000 | 81e6 feff 
  0x000001d7c757d8c0: 1f00 85f6 | 0f84 8016 | 0000 483b | 024c 8bc2 

  0x000001d7c757d8d0: ;   {metadata(method data for {method} {0x000001d7e0b13308} 'access$makeCurrent' '(Lorg/jetbrains/skiko/redrawer/WindowsOpenGLRedrawer;)V' in 'org/jetbrains/skiko/redrawer/WindowsOpenGLRedrawer')}
  0x000001d7c757d8d0: 48be 38ed | 10e1 d701 | 0000 4883 | 8610 0100 

  0x000001d7c757d8e0: ;   {metadata(method data for {method} {0x000001d7e0b12eb0} 'makeCurrent' '()V' in 'org/jetbrains/skiko/redrawer/WindowsOpenGLRedrawer')}
  0x000001d7c757d8e0: 0001 49b8 | e8e1 10e1 | d701 0000 | 418b b0cc | 0000 0083 | c602 4189 | b0cc 0000 | 0081 e6fe 
  0x000001d7c757d900: ff1f 0085 | f60f 8465 | 1600 004c | 8b42 2848 

  0x000001d7c757d910: ;   {metadata(method data for {method} {0x000001d7e0b12eb0} 'makeCurrent' '()V' in 'org/jetbrains/skiko/redrawer/WindowsOpenGLRedrawer')}
  0x000001d7c757d910: 8b72 3048 | bae8 e110 | e1d7 0100 | 0048 8382 | 1001 0000 

  0x000001d7c757d924: ;   {metadata(method data for {method} {0x000001d7e0b27f88} 'access$makeCurrent' '(JJ)V' in 'org/jetbrains/skiko/redrawer/WindowsOpenGLRedrawerKt')}
  0x000001d7c757d924: 0148 ba48 | e310 e1d7 | 0100 008b | bacc 0000 | 0083 c702 | 89ba cc00 | 0000 81e7 | feff 1f00 
  0x000001d7c757d944: 85ff 0f84 | 4516 0000 

  0x000001d7c757d94c: ;   {metadata(method data for {method} {0x000001d7e0b27f88} 'access$makeCurrent' '(JJ)V' in 'org/jetbrains/skiko/redrawer/WindowsOpenGLRedrawerKt')}
  0x000001d7c757d94c: 48ba 48e3 | 10e1 d701 | 0000 4883 | 8210 0100 | 0001 498b | d04c 8bc6 

  0x000001d7c757d964: ;   {static_call}
  0x000001d7c757d964: 6666 90e8 

  0x000001d7c757d968: ; ImmutableOopMap {[208]=Oop [256]=Oop }
                      ;*invokestatic makeCurrent {reexecute=0 rethrow=0 return_oop=0}
                      ; - org.jetbrains.skiko.redrawer.WindowsOpenGLRedrawerKt::access$makeCurrent@2 (line 1)
                      ; - org.jetbrains.skiko.redrawer.WindowsOpenGLRedrawer::makeCurrent@8 (line 82)
                      ; - org.jetbrains.skiko.redrawer.WindowsOpenGLRedrawer::access$makeCurrent@1 (line 7)
                      ; - org.jetbrains.skiko.redrawer.WindowsOpenGLRedrawer$Companion$frameDispatcher$1::invokeSuspend@229 (line 117)
  0x000001d7c757d968: 746e 4007 

  0x000001d7c757d96c: ;   {other}
  0x000001d7c757d96c: 0f1f 8400 | dc25 0016 

  0x000001d7c757d974: ;   {oop(a 'org/jetbrains/skiko/OpenGLApi$Companion'{0x0000000700d27fa8})}
  0x000001d7c757d974: 48ba a87f | d200 0700 

  0x000001d7c757d97c: ;   {metadata(method data for {method} {0x000001d7e0b1bde8} 'invokeSuspend' '(Ljava/lang/Object;)Ljava/lang/Object;' in 'org/jetbrains/skiko/redrawer/WindowsOpenGLRedrawer$Companion$frameDispatcher$1')}
  0x000001d7c757d97c: 0000 48be | a836 15e1 | d701 0000 | 4883 8670 | 0700 0001 

  0x000001d7c757d990: ;   {metadata(method data for {method} {0x000001d7e0b29f90} 'getInstance' '()Lorg/jetbrains/skiko/OpenGLApi;' in 'org/jetbrains/skiko/OpenGLApi$Companion')}
  0x000001d7c757d990: 48ba 400d | 14e1 d701 | 0000 8bb2 | cc00 0000 | 83c6 0289 | b2cc 0000 | 0081 e6fe | ff1f 0085 
  0x000001d7c757d9b0: f60f 84fb 

  0x000001d7c757d9b4: ;   {metadata(method data for {method} {0x000001d7e0b29f90} 'getInstance' '()Lorg/jetbrains/skiko/OpenGLApi;' in 'org/jetbrains/skiko/OpenGLApi$Companion')}
  0x000001d7c757d9b4: 1500 0048 | ba40 0d14 | e1d7 0100 | 0048 8382 | 1001 0000 

  0x000001d7c757d9c8: ;   {metadata(method data for {method} {0x000001d7e0b29858} 'access$getInstance$cp' '()Lorg/jetbrains/skiko/OpenGLApi;' in 'org/jetbrains/skiko/OpenGLApi')}
  0x000001d7c757d9c8: 0148 baa0 | 0e14 e1d7 | 0100 008b | b2cc 0000 | 0083 c602 | 89b2 cc00 | 0000 81e6 | feff 1f00 
  0x000001d7c757d9e8: 85f6 0f84 | e315 0000 

  0x000001d7c757d9f0: ;   {oop(a 'org/jetbrains/skiko/OpenGLApi'{0x0000000700d27f88})}
  0x000001d7c757d9f0: 48ba 887f | d200 0700 | 0000 488b 

  0x000001d7c757d9fc: ;   {metadata(method data for {method} {0x000001d7e0b1bde8} 'invokeSuspend' '(Ljava/lang/Object;)Ljava/lang/Object;' in 'org/jetbrains/skiko/redrawer/WindowsOpenGLRedrawer$Companion$frameDispatcher$1')}
  0x000001d7c757d9fc: f248 bfa8 | 3615 e1d7 | 0100 0048 | 8387 a807 

  0x000001d7c757da0c: ;   {optimized virtual_call}
  0x000001d7c757da0c: 0000 01e8 

  0x000001d7c757da10: ; ImmutableOopMap {[208]=Oop [256]=Oop }
                      ;*invokevirtual glFinish {reexecute=0 rethrow=0 return_oop=0}
                      ; - org.jetbrains.skiko.redrawer.WindowsOpenGLRedrawer$Companion$frameDispatcher$1::invokeSuspend@238 (line 118)
  0x000001d7c757da10: ac4b 4207 

  0x000001d7c757da14: ;   {other}
  0x000001d7c757da14: 0f1f 8400 | 8426 0017 

  0x000001d7c757da1c: ;   {metadata(method data for {method} {0x000001d7e0b1bde8} 'invokeSuspend' '(Ljava/lang/Object;)Ljava/lang/Object;' in 'org/jetbrains/skiko/redrawer/WindowsOpenGLRedrawer$Companion$frameDispatcher$1')}
  0x000001d7c757da1c: 48ba a836 | 15e1 d701 | 0000 8bb2 | d000 0000 | 83c6 0289 | b2d0 0000 | 0081 e6fe | 3f00 0085 
  0x000001d7c757da3c: f60f 84b1 | 1500 004d | 8b97 5004 

  0x000001d7c757da48: ; ImmutableOopMap {[208]=Oop [256]=Oop }
                      ;*goto {reexecute=1 rethrow=0 return_oop=0}
                      ; - (reexecute) org.jetbrains.skiko.redrawer.WindowsOpenGLRedrawer$Companion$frameDispatcher$1::invokeSuspend@241 (line 118)
                      ;   {poll}
  0x000001d7c757da48: 0000 4185 

  0x000001d7c757da4c: ;   {metadata(method data for {method} {0x000001d7e0b1bde8} 'invokeSuspend' '(Ljava/lang/Object;)Ljava/lang/Object;' in 'org/jetbrains/skiko/redrawer/WindowsOpenGLRedrawer$Companion$frameDispatcher$1')}
  0x000001d7c757da4c: 0248 baa8 | 3615 e1d7 | 0100 00ff | 82e0 0700 | 0048 8bb4 | 2400 0100 | 00e9 d6fb 

  0x000001d7c757da68: ;   {metadata(method data for {method} {0x000001d7e0b1bde8} 'invokeSuspend' '(Ljava/lang/Object;)Ljava/lang/Object;' in 'org/jetbrains/skiko/redrawer/WindowsOpenGLRedrawer$Companion$frameDispatcher$1')}
  0x000001d7c757da68: ffff 48ba | a836 15e1 | d701 0000 | 4883 82f8 | 0700 0001 

  0x000001d7c757da7c: ;   {metadata(method data for {method} {0x000001d7e0b13248} 'access$getToRedrawVisible$cp' '()Lkotlin/sequences/Sequence;' in 'org/jetbrains/skiko/redrawer/WindowsOpenGLRedrawer')}
  0x000001d7c757da7c: 48ba a0c2 | 0fe1 d701 | 0000 8bb2 | cc00 0000 | 83c6 0289 | b2cc 0000 | 0081 e6fe | ff1f 0085 
  0x000001d7c757da9c: f60f 8472 

  0x000001d7c757daa0: ;   {oop(a 'kotlin/sequences/FilteringSequence'{0x0000000700d292a8})}
  0x000001d7c757daa0: 1500 0048 | bba8 92d2 | 0007 0000 | 0048 8bd3 

  0x000001d7c757dab0: ;   {metadata(method data for {method} {0x000001d7e0b1bde8} 'invokeSuspend' '(Ljava/lang/Object;)Ljava/lang/Object;' in 'org/jetbrains/skiko/redrawer/WindowsOpenGLRedrawer$Companion$frameDispatcher$1')}
  0x000001d7c757dab0: 48be a836 | 15e1 d701 

  0x000001d7c757dab8: ;   {metadata('kotlin/sequences/FilteringSequence')}
  0x000001d7c757dab8: 0000 49ba | 0857 3400 | 0800 0000 | 4c89 9618 | 0800 0048 | 8386 2008 

  0x000001d7c757dad0: ;   {metadata(method data for {method} {0x000001d7e0b19408} 'iterator' '()Ljava/util/Iterator;' in 'kotlin/sequences/FilteringSequence')}
  0x000001d7c757dad0: 0000 0148 | bab8 940e | e1d7 0100 | 008b b2cc | 0000 0083 | c602 89b2 | cc00 0000 | 81e6 feff 
  0x000001d7c757daf0: 1f00 85f6 | 0f84 3c15 

  0x000001d7c757daf8: ;   {metadata('kotlin/sequences/FilteringSequence$iterator$1')}
  0x000001d7c757daf8: 0000 48ba | 48fd 3c00 | 0800 0000 | 498b 87b8 | 0100 0048 | 8d78 2049 | 3bbf c801 | 0000 0f87 
  0x000001d7c757db18: 3b15 0000 | 4989 bfb8 | 0100 0048 | c700 0100 | 0000 488b | ca49 ba00 | 0000 0008 | 0000 0049 
  0x000001d7c757db38: 2bca 8948 | 0848 33c9 | 8948 0c48 | 33c9 4889 | 4810 4889 | 4818 4889 | 8424 0801 | 0000 488b 
  0x000001d7c757db58: ;   {metadata(method data for {method} {0x000001d7e0b19408} 'iterator' '()Ljava/util/Iterator;' in 'kotlin/sequences/FilteringSequence')}
  0x000001d7c757db58: d048 beb8 | 940e e1d7 | 0100 0048 | 8386 1001 

  0x000001d7c757db68: ;   {metadata(method data for {method} {0x000001d7e10476c8} '<init>' '(Lkotlin/sequences/FilteringSequence;)V' in 'kotlin/sequences/FilteringSequence$iterator$1')}
  0x000001d7c757db68: 0000 0148 | ba50 960e | e1d7 0100 | 008b b2cc | 0000 0083 | c602 89b2 | cc00 0000 | 81e6 feff 
  0x000001d7c757db88: 1f00 85f6 | 0f84 d214 | 0000 410f | be57 4085 | d20f 85e6 

  0x000001d7c757db9c: ;   {oop(a 'kotlin/sequences/FilteringSequence'{0x0000000700d292a8})}
  0x000001d7c757db9c: 1400 0049 | baa8 92d2 | 0007 0000 | 0049 c1ea | 0344 8950 

  0x000001d7c757dbb0: ;   {oop(a 'kotlin/sequences/FilteringSequence'{0x0000000700d292a8})}
  0x000001d7c757dbb0: 1848 baa8 | 92d2 0007 | 0000 0048 | 8bf0 4833 | f248 c1ee | 1548 83fe | 000f 85d5 | 1400 0048 
  0x000001d7c757dbd0: ;   {metadata(method data for {method} {0x000001d7e10476c8} '<init>' '(Lkotlin/sequences/FilteringSequence;)V' in 'kotlin/sequences/FilteringSequence$iterator$1')}
  0x000001d7c757dbd0: 8bd0 48be | 5096 0ee1 | d701 0000 | 4883 8610 | 0100 0001 

  0x000001d7c757dbe4: ;   {metadata(method data for {method} {0x000001d7df000638} '<init>' '()V' in 'java/lang/Object')}
  0x000001d7c757dbe4: 48ba e093 | 27df d701 | 0000 8bb2 | cc00 0000 | 83c6 0289 | b2cc 0000 | 0081 e6fe | ff1f 0085 
  0x000001d7c757dc04: f60f 84b1 

  0x000001d7c757dc08: ;   {metadata(method data for {method} {0x000001d7e10476c8} '<init>' '(Lkotlin/sequences/FilteringSequence;)V' in 'kotlin/sequences/FilteringSequence$iterator$1')}
  0x000001d7c757dc08: 1400 0048 | ba50 960e | e1d7 0100 | 0048 8382 | 2001 0000 | 018b 5310 | 48c1 e203 

  0x000001d7c757dc24: ; implicit exception: dispatches to 0x000001d7c757f0dd
  0x000001d7c757dc24: 483b 0248 

  0x000001d7c757dc28: ;   {metadata(method data for {method} {0x000001d7e10476c8} '<init>' '(Lkotlin/sequences/FilteringSequence;)V' in 'kotlin/sequences/FilteringSequence$iterator$1')}
  0x000001d7c757dc28: 8bf2 48bf | 5096 0ee1 | d701 0000 | 8b76 0849 | ba00 0000 | 0008 0000 | 0049 03f2 | 483b b740 
  0x000001d7c757dc48: 0100 0075 | 0d48 8387 | 4801 0000 | 01e9 6000 | 0000 483b | b750 0100 | 0075 0d48 | 8387 5801 
  0x000001d7c757dc68: 0000 01e9 | 4a00 0000 | 4883 bf40 | 0100 0000 | 7517 4889 | b740 0100 | 0048 c787 | 4801 0000 
  0x000001d7c757dc88: 0100 0000 | e929 0000 | 0048 83bf | 5001 0000 | 0075 1748 | 89b7 5001 | 0000 48c7 | 8758 0100 
  0x000001d7c757dca8: 0001 0000 | 00e9 0800 | 0000 4883 | 8730 0100 | 0001 6666 | 9048 b808 | 5734 0008 

  0x000001d7c757dcc4: ;   {virtual_call}
  0x000001d7c757dcc4: 0000 00e8 

  0x000001d7c757dcc8: ; ImmutableOopMap {[208]=Oop [264]=Oop }
                      ;*invokeinterface iterator {reexecute=0 rethrow=0 return_oop=0}
                      ; - kotlin.sequences.FilteringSequence$iterator$1::<init>@14 (line 164)
                      ; - kotlin.sequences.FilteringSequence::iterator@5 (line 163)
                      ; - org.jetbrains.skiko.redrawer.WindowsOpenGLRedrawer$Companion$frameDispatcher$1::invokeSuspend@254 (line 146)
  0x000001d7c757dcc8: 149b 4d07 

  0x000001d7c757dccc: ;   {other}
  0x000001d7c757dccc: 0f1f 8400 | 3c29 0019 | 410f be57 | 4085 d248 | 8bb4 2408 | 0100 000f | 85f9 1300 | 004c 8bd0 
  0x000001d7c757dcec: 49c1 ea03 | 4489 5610 | 488b d648 | 33d0 48c1 | ea15 4883 | fa00 0f85 | f913 0000 | c746 0cff 
  0x000001d7c757dd0c: ffff ff90 

  0x000001d7c757dd10: ;   {metadata(method data for {method} {0x000001d7e0b1bde8} 'invokeSuspend' '(Ljava/lang/Object;)Ljava/lang/Object;' in 'org/jetbrains/skiko/redrawer/WindowsOpenGLRedrawer$Companion$frameDispatcher$1')}
  0x000001d7c757dd10: 488b c648 | baa8 3615 | e1d7 0100 

  0x000001d7c757dd1c: ;   {metadata('kotlin/sequences/FilteringSequence$iterator$1')}
  0x000001d7c757dd1c: 0049 ba48 | fd3c 0008 | 0000 004c | 8992 5008 | 0000 4883 | 8258 0800 

  0x000001d7c757dd34: ;   {metadata(method data for {method} {0x000001d7e1047da8} 'hasNext' '()Z' in 'kotlin/sequences/FilteringSequence$iterator$1')}
  0x000001d7c757dd34: 0001 48ba | 0844 09e1 | d701 0000 | 8bba cc00 | 0000 83c7 | 0289 bacc | 0000 0081 | e7fe ff1f 
  0x000001d7c757dd54: 0085 ff0f | 84bc 1300 | 008b 560c 

  0x000001d7c757dd60: ;   {metadata(method data for {method} {0x000001d7e1047da8} 'hasNext' '()Z' in 'kotlin/sequences/FilteringSequence$iterator$1')}
  0x000001d7c757dd60: 83fa ff48 | ba08 4409 | e1d7 0100 | 0048 c7c7 | 1001 0000 | 7507 48c7 | c720 0100 | 0048 8b1c 
  0x000001d7c757dd80: 3a48 8d5b | 0148 891c | 3a48 8bc6 | 0f85 2a00 

  0x000001d7c757dd90: ;   {metadata(method data for {method} {0x000001d7e1047da8} 'hasNext' '()Z' in 'kotlin/sequences/FilteringSequence$iterator$1')}
  0x000001d7c757dd90: 0000 48ba | 0844 09e1 | d701 0000 | 4883 8230 | 0100 0001 

  0x000001d7c757dda4: ;   {optimized virtual_call}
  0x000001d7c757dda4: 488b d6e8 

  0x000001d7c757dda8: ; ImmutableOopMap {[208]=Oop [264]=Oop }
                      ;*invokespecial calcNext {reexecute=0 rethrow=0 return_oop=0}
                      ; - kotlin.sequences.FilteringSequence$iterator$1::hasNext@9 (line 194)
                      ; - org.jetbrains.skiko.redrawer.WindowsOpenGLRedrawer$Companion$frameDispatcher$1::invokeSuspend@263 (line 146)
  0x000001d7c757dda8: 1419 4707 

  0x000001d7c757ddac: ;   {other}
  0x000001d7c757ddac: 0f1f 8400 | 1c2a 001a | 488b 8424 | 0801 0000 | 8b50 0c83 

  0x000001d7c757ddc0: ;   {metadata(method data for {method} {0x000001d7e1047da8} 'hasNext' '()Z' in 'kotlin/sequences/FilteringSequence$iterator$1')}
  0x000001d7c757ddc0: fa01 48ba | 0844 09e1 | d701 0000 | 48c7 c640 | 0100 0075 | 0748 c7c6 | 5001 0000 | 488b 3c32 
  0x000001d7c757dde0: 488d 7f01 | 4889 3c32 | 0f85 1a00 

  0x000001d7c757ddec: ;   {metadata(method data for {method} {0x000001d7e1047da8} 'hasNext' '()Z' in 'kotlin/sequences/FilteringSequence$iterator$1')}
  0x000001d7c757ddec: 0000 48ba | 0844 09e1 | d701 0000 | ff82 6001 | 0000 ba01 | 0000 00e9 | 0500 0000 | ba00 0000 
  0x000001d7c757de0c: 0083 e201 

  0x000001d7c757de10: ;   {metadata(method data for {method} {0x000001d7e0b1bde8} 'invokeSuspend' '(Ljava/lang/Object;)Ljava/lang/Object;' in 'org/jetbrains/skiko/redrawer/WindowsOpenGLRedrawer$Companion$frameDispatcher$1')}
  0x000001d7c757de10: 85d2 48ba | a836 15e1 | d701 0000 | 48c7 c678 | 0800 0074 | 0748 c7c6 | 8808 0000 | 488b 3c32 
  0x000001d7c757de30: 488d 7f01 | 4889 3c32 | 0f84 f301 | 0000 488b 

  0x000001d7c757de40: ;   {metadata(method data for {method} {0x000001d7e0b1bde8} 'invokeSuspend' '(Ljava/lang/Object;)Ljava/lang/Object;' in 'org/jetbrains/skiko/redrawer/WindowsOpenGLRedrawer$Companion$frameDispatcher$1')}
  0x000001d7c757de40: d048 bea8 | 3615 e1d7 

  0x000001d7c757de48: ;   {metadata('kotlin/sequences/FilteringSequence$iterator$1')}
  0x000001d7c757de48: 0100 0049 | ba48 fd3c | 0008 0000 | 004c 8996 | a808 0000 | 4883 86b0 | 0800 0001 

  0x000001d7c757de64: ;   {optimized virtual_call}
  0x000001d7c757de64: 488b d0e8 

  0x000001d7c757de68: ; ImmutableOopMap {[208]=Oop [264]=Oop }
                      ;*invokeinterface next {reexecute=0 rethrow=0 return_oop=0}
                      ; - org.jetbrains.skiko.redrawer.WindowsOpenGLRedrawer$Companion$frameDispatcher$1::invokeSuspend@273 (line 146)
  0x000001d7c757de68: 5485 4b07 

  0x000001d7c757de6c: ;   {other}
  0x000001d7c757de6c: 0f1f 8400 | dc2a 001b | 4885 c075 

  0x000001d7c757de78: ;   {metadata(method data for {method} {0x000001d7e0b1bde8} 'invokeSuspend' '(Ljava/lang/Object;)Ljava/lang/Object;' in 'org/jetbrains/skiko/redrawer/WindowsOpenGLRedrawer$Companion$frameDispatcher$1')}
  0x000001d7c757de78: 1648 bfa8 | 3615 e1d7 | 0100 0080 | 8fc9 0800 | 0001 e9cc 

  0x000001d7c757de8c: ;   {metadata('org/jetbrains/skiko/redrawer/WindowsOpenGLRedrawer')}
  0x000001d7c757de8c: 0000 0048 | ba98 4434 | 0008 0000 | 008b 7008 | 49ba 0000 | 0000 0800 | 0000 4903 | f248 3bd6 
  0x000001d7c757deac: 0f85 8d00 

  0x000001d7c757deb0: ;   {metadata(method data for {method} {0x000001d7e0b1bde8} 'invokeSuspend' '(Ljava/lang/Object;)Ljava/lang/Object;' in 'org/jetbrains/skiko/redrawer/WindowsOpenGLRedrawer$Companion$frameDispatcher$1')}
  0x000001d7c757deb0: 0000 48bf | a836 15e1 | d701 0000 | 8b50 0849 | ba00 0000 | 0008 0000 | 0049 03d2 | 483b 97e0 
  0x000001d7c757ded0: 0800 0075 | 0d48 8387 | e808 0000 | 01e9 7900 | 0000 483b | 97f0 0800 | 0075 0d48 | 8387 f808 
  0x000001d7c757def0: 0000 01e9 | 6300 0000 | 4883 bfe0 | 0800 0000 | 7517 4889 | 97e0 0800 | 0048 c787 | e808 0000 
  0x000001d7c757df10: 0100 0000 | e942 0000 | 0048 83bf | f008 0000 | 0075 1748 | 8997 f008 | 0000 48c7 | 87f8 0800 
  0x000001d7c757df30: 0001 0000 | 00e9 2100 | 0000 e91c 

  0x000001d7c757df3c: ;   {metadata(method data for {method} {0x000001d7e0b1bde8} 'invokeSuspend' '(Ljava/lang/Object;)Ljava/lang/Object;' in 'org/jetbrains/skiko/redrawer/WindowsOpenGLRedrawer$Companion$frameDispatcher$1')}
  0x000001d7c757df3c: 0000 0048 | bfa8 3615 | e1d7 0100 | 0048 83af | d008 0000 | 01e9 e411 | 0000 e900 | 0000 0048 
  0x000001d7c757df5c: ;   {metadata(method data for {method} {0x000001d7e0b1bde8} 'invokeSuspend' '(Ljava/lang/Object;)Ljava/lang/Object;' in 'org/jetbrains/skiko/redrawer/WindowsOpenGLRedrawer$Companion$frameDispatcher$1')}
  0x000001d7c757df5c: 8bd0 48be | a836 15e1 | d701 0000 | 4883 8608 | 0900 0001 

  0x000001d7c757df70: ; implicit exception: dispatches to 0x000001d7c757f143
  0x000001d7c757df70: 8b52 3848 | c1e2 0348 | 3b02 488b 

  0x000001d7c757df7c: ;   {metadata(method data for {method} {0x000001d7e0b1bde8} 'invokeSuspend' '(Ljava/lang/Object;)Ljava/lang/Object;' in 'org/jetbrains/skiko/redrawer/WindowsOpenGLRedrawer$Companion$frameDispatcher$1')}
  0x000001d7c757df7c: f248 bfa8 | 3615 e1d7 | 0100 0048 | 8387 1809 | 0000 010f | be52 0c83 | e201 85d2 | be02 0000 
  0x000001d7c757df9c: 0075 05be | 0000 0000 

  0x000001d7c757dfa4: ;   {metadata(method data for {method} {0x000001d7e0b1bde8} 'invokeSuspend' '(Ljava/lang/Object;)Ljava/lang/Object;' in 'org/jetbrains/skiko/redrawer/WindowsOpenGLRedrawer$Companion$frameDispatcher$1')}
  0x000001d7c757dfa4: 48bf a836 | 15e1 d701 | 0000 8b87 | d000 0000 | 03c6 8987 | d000 0000 | 85f6 7505 | b802 0000 
  0x000001d7c757dfc4: 0025 fe3f | 0000 85c0 | 0f84 7b11 | 0000 4d8b | 9750 0400 

  0x000001d7c757dfd8: ; ImmutableOopMap {[208]=Oop [264]=Oop }
                      ;*ifne {reexecute=1 rethrow=0 return_oop=0}
                      ; - (reexecute) org.jetbrains.skiko.redrawer.WindowsOpenGLRedrawer$Companion$frameDispatcher$1::invokeSuspend@298 (line 146)
                      ;   {poll}
  0x000001d7c757dfd8: 0041 8502 

  0x000001d7c757dfdc: ;   {metadata(method data for {method} {0x000001d7e0b1bde8} 'invokeSuspend' '(Ljava/lang/Object;)Ljava/lang/Object;' in 'org/jetbrains/skiko/redrawer/WindowsOpenGLRedrawer$Companion$frameDispatcher$1')}
  0x000001d7c757dfdc: 85d2 48ba | a836 15e1 | d701 0000 | 48c7 c660 | 0900 0074 | 0748 c7c6 | 5009 0000 | 488b 3c32 
  0x000001d7c757dffc: 488d 7f01 | 4889 3c32 | 0f84 0d00 | 0000 488b | b424 0801 | 0000 e9f9 

  0x000001d7c757e014: ;   {metadata(method data for {method} {0x000001d7e0b1bde8} 'invokeSuspend' '(Ljava/lang/Object;)Ljava/lang/Object;' in 'org/jetbrains/skiko/redrawer/WindowsOpenGLRedrawer$Companion$frameDispatcher$1')}
  0x000001d7c757e014: fcff ff48 | baa8 3615 | e1d7 0100 | 00ff 8270 | 0900 00ba | 0000 0000 | e905 0000 | 00ba 0100 
  0x000001d7c757e034: 0000 85d2 

  0x000001d7c757e038: ;   {metadata(method data for {method} {0x000001d7e0b1bde8} 'invokeSuspend' '(Ljava/lang/Object;)Ljava/lang/Object;' in 'org/jetbrains/skiko/redrawer/WindowsOpenGLRedrawer$Companion$frameDispatcher$1')}
  0x000001d7c757e038: 48ba a836 | 15e1 d701 | 0000 48c7 | c688 0900 | 0074 0748 | c7c6 9809 | 0000 488b | 3c32 488d 
  0x000001d7c757e058: 7f01 4889 | 3c32 0f84 | 0c03 0000 

  0x000001d7c757e064: ;   {metadata(method data for {method} {0x000001d7e0b1bde8} 'invokeSuspend' '(Ljava/lang/Object;)Ljava/lang/Object;' in 'org/jetbrains/skiko/redrawer/WindowsOpenGLRedrawer$Companion$frameDispatcher$1')}
  0x000001d7c757e064: 48ba a836 | 15e1 d701 | 0000 4883 | 82a8 0900 

  0x000001d7c757e074: ;   {metadata(method data for {method} {0x000001d7e10482d8} 'getDispatcherToBlockOn' '()Lkotlinx/coroutines/ExecutorCoroutineDispatcher;' in 'org/jetbrains/skiko/redrawer/DispatcherToBlockOnKt')}
  0x000001d7c757e074: 0001 48ba | 3052 15e1 | d701 0000 | 8bb2 cc00 | 0000 83c6 | 0289 b2cc | 0000 0081 | e6fe ff1f 
  0x000001d7c757e094: 0085 f60f | 84d1 1000 

  0x000001d7c757e09c: ;   {metadata('org/jetbrains/skiko/redrawer/WindowsOpenGLRedrawer$Companion$frameDispatcher$1$1')}
  0x000001d7c757e09c: 0048 bae0 | 4b3d 0008 | 0000 0049 | 8b87 b801 | 0000 488d | 7820 493b | bfc8 0100 | 000f 87d0 
  0x000001d7c757e0bc: 1000 0049 | 89bf b801 | 0000 48c7 | 0001 0000 | 0048 8bca | 49ba 0000 | 0000 0800 | 0000 492b 
  0x000001d7c757e0dc: ca89 4808 | 4833 c989 | 480c 4833 | c948 8948 | 1048 8948 | 1848 8bd0 

  0x000001d7c757e0f4: ;   {metadata(method data for {method} {0x000001d7e0b1bde8} 'invokeSuspend' '(Ljava/lang/Object;)Ljava/lang/Object;' in 'org/jetbrains/skiko/redrawer/WindowsOpenGLRedrawer$Companion$frameDispatcher$1')}
  0x000001d7c757e0f4: 49b8 a836 | 15e1 d701 | 0000 4983 | 80f0 0900 

  0x000001d7c757e104: ;   {metadata(method data for {method} {0x000001d7e104a650} '<init>' '(Lkotlin/coroutines/Continuation;)V' in 'org/jetbrains/skiko/redrawer/WindowsOpenGLRedrawer$Companion$frameDispatcher$1$1')}
  0x000001d7c757e104: 0001 48ba | 5853 15e1 | d701 0000 | 448b 82cc | 0000 0041 | 83c0 0244 | 8982 cc00 | 0000 4181 
  0x000001d7c757e124: e0fe ff1f | 0045 85c0 | 0f84 6a10 | 0000 488b 

  0x000001d7c757e134: ;   {metadata(method data for {method} {0x000001d7e104a650} '<init>' '(Lkotlin/coroutines/Continuation;)V' in 'org/jetbrains/skiko/redrawer/WindowsOpenGLRedrawer$Companion$frameDispatcher$1$1')}
  0x000001d7c757e134: d049 b858 | 5315 e1d7 | 0100 0049 | 8380 1001 

  0x000001d7c757e144: ;   {metadata(method data for {method} {0x000001d7dfb50550} '<init>' '(ILkotlin/coroutines/Continuation;)V' in 'kotlin/coroutines/jvm/internal/SuspendLambda')}
  0x000001d7c757e144: 0000 0148 | ba58 08ef | dfd7 0100 | 0044 8b82 | cc00 0000 | 4183 c002 | 4489 82cc | 0000 0041 
  0x000001d7c757e164: 81e0 feff | 1f00 4585 | c00f 844a | 1000 0048 

  0x000001d7c757e174: ;   {metadata(method data for {method} {0x000001d7dfb50550} '<init>' '(ILkotlin/coroutines/Continuation;)V' in 'kotlin/coroutines/jvm/internal/SuspendLambda')}
  0x000001d7c757e174: 8bd0 49b8 | 5808 efdf | d701 0000 | 4983 8010 | 0100 0001 

  0x000001d7c757e188: ;   {metadata(method data for {method} {0x000001d7dfb50ee8} '<init>' '(Lkotlin/coroutines/Continuation;)V' in 'kotlin/coroutines/jvm/internal/ContinuationImpl')}
  0x000001d7c757e188: 48ba 504d | eddf d701 | 0000 448b | 82cc 0000 | 0041 83c0 | 0244 8982 | cc00 0000 | 4181 e0fe 
  0x000001d7c757e1a8: ff1f 0045 | 85c0 0f84 | 2a10 0000 

  0x000001d7c757e1b4: ;   {metadata(method data for {method} {0x000001d7dfb50ee8} '<init>' '(Lkotlin/coroutines/Continuation;)V' in 'kotlin/coroutines/jvm/internal/ContinuationImpl')}
  0x000001d7c757e1b4: 48ba 504d | eddf d701 | 0000 ff82 | 1001 0000 

  0x000001d7c757e1c4: ;   {metadata(method data for {method} {0x000001d7dfb50ee8} '<init>' '(Lkotlin/coroutines/Continuation;)V' in 'kotlin/coroutines/jvm/internal/ContinuationImpl')}
  0x000001d7c757e1c4: 488b d049 | b850 4ded | dfd7 0100 | 0049 8380 | 8001 0000 

  0x000001d7c757e1d8: ;   {metadata(method data for {method} {0x000001d7dfb50e08} '<init>' '(Lkotlin/coroutines/Continuation;Lkotlin/coroutines/CoroutineContext;)V' in 'kotlin/coroutines/jvm/internal/ContinuationImpl')}
  0x000001d7c757e1d8: 0148 ba08 | 3ced dfd7 | 0100 0044 | 8b82 cc00 | 0000 4183 | c002 4489 | 82cc 0000 | 0041 81e0 
  0x000001d7c757e1f8: feff 1f00 | 4585 c00f | 84fa 0f00 | 0048 8bd0 

  0x000001d7c757e208: ;   {metadata(method data for {method} {0x000001d7dfb50e08} '<init>' '(Lkotlin/coroutines/Continuation;Lkotlin/coroutines/CoroutineContext;)V' in 'kotlin/coroutines/jvm/internal/ContinuationImpl')}
  0x000001d7c757e208: 49b8 083c | eddf d701 | 0000 4983 | 8010 0100 

  0x000001d7c757e218: ;   {metadata(method data for {method} {0x000001d7dfb51ef8} '<init>' '(Lkotlin/coroutines/Continuation;)V' in 'kotlin/coroutines/jvm/internal/BaseContinuationImpl')}
  0x000001d7c757e218: 0001 48ba | a842 eddf | d701 0000 | 448b 82cc | 0000 0041 | 83c0 0244 | 8982 cc00 | 0000 4181 
  0x000001d7c757e238: e0fe ff1f | 0045 85c0 | 0f84 da0f | 0000 488b 

  0x000001d7c757e248: ;   {metadata(method data for {method} {0x000001d7dfb51ef8} '<init>' '(Lkotlin/coroutines/Continuation;)V' in 'kotlin/coroutines/jvm/internal/BaseContinuationImpl')}
  0x000001d7c757e248: d049 b8a8 | 42ed dfd7 | 0100 0049 | 8380 1001 

  0x000001d7c757e258: ;   {metadata(method data for {method} {0x000001d7df000638} '<init>' '()V' in 'java/lang/Object')}
  0x000001d7c757e258: 0000 0148 | bae0 9327 | dfd7 0100 | 0044 8b82 | cc00 0000 | 4183 c002 | 4489 82cc | 0000 0041 
  0x000001d7c757e278: 81e0 feff | 1f00 4585 | c00f 84ba | 0f00 0041 | 0fbe 5740 | 85d2 0f85 | ce0f 0000 | c740 0c00 
  0x000001d7c757e298: 0000 0041 | 0fbe 5740 | 85d2 0f85 | d90f 0000 | c740 1000 | 0000 00c7 | 4018 0200 | 0000 488b 
  0x000001d7c757e2b8: b424 d000 | 0000 c746 | 1c01 0000 

  0x000001d7c757e2c4: ;   {metadata(method data for {method} {0x000001d7e0b1bde8} 'invokeSuspend' '(Ljava/lang/Object;)Ljava/lang/Object;' in 'org/jetbrains/skiko/redrawer/WindowsOpenGLRedrawer$Companion$frameDispatcher$1')}
  0x000001d7c757e2c4: 0048 baa8 | 3615 e1d7 | 0100 0048 | 8382 700a 

  0x000001d7c757e2d4: ;   {metadata(method data for {method} {0x000001d7dfcf2358} 'withContext' '(Lkotlin/coroutines/CoroutineContext;Lkotlin/jvm/functions/Function2;Lkotlin/coroutines/Continuation;)Ljava/lang/Object;' in 'kotlinx/coroutines/BuildersKt')}
  0x000001d7c757e2d4: 0000 0148 | baa0 5415 | e1d7 0100 | 0044 8b82 | cc00 0000 | 4183 c002 | 4489 82cc | 0000 0041 
  0x000001d7c757e2f4: 81e0 feff | 1f00 4585 | c00f 849d 

  0x000001d7c757e300: ;   {metadata(method data for {method} {0x000001d7dfcf2358} 'withContext' '(Lkotlin/coroutines/CoroutineContext;Lkotlin/jvm/functions/Function2;Lkotlin/coroutines/Continuation;)Ljava/lang/Object;' in 'kotlinx/coroutines/BuildersKt')}
  0x000001d7c757e300: 0f00 0048 | baa0 5415 | e1d7 0100 | 0048 8382 | 1001 0000 

  0x000001d7c757e314: ;   {oop(a 'kotlinx/coroutines/ExecutorCoroutineDispatcherImpl'{0x0000000701612d60})}
  0x000001d7c757e314: 0148 ba60 | 2d61 0107 | 0000 004c | 8bc0 4c8b 

  0x000001d7c757e324: ;   {static_call}
  0x000001d7c757e324: ce66 90e8 

  0x000001d7c757e328: ; ImmutableOopMap {}
                      ;*invokestatic withContext {reexecute=0 rethrow=0 return_oop=0}
                      ; - kotlinx.coroutines.BuildersKt::withContext@3 (line 1)
                      ; - org.jetbrains.skiko.redrawer.WindowsOpenGLRedrawer$Companion$frameDispatcher$1::invokeSuspend@339 (line 123)
  0x000001d7c757e328: 34fc 1400 

  0x000001d7c757e32c: ;   {other}
  0x000001d7c757e32c: 0f1f 8400 | 9c2f 001d 

  0x000001d7c757e334: ;   {oop(a 'kotlin/coroutines/intrinsics/CoroutineSingletons'{0x0000000700a01a88})}
  0x000001d7c757e334: 48ba 881a | a000 0700 | 0000 483b 

  0x000001d7c757e340: ;   {metadata(method data for {method} {0x000001d7e0b1bde8} 'invokeSuspend' '(Ljava/lang/Object;)Ljava/lang/Object;' in 'org/jetbrains/skiko/redrawer/WindowsOpenGLRedrawer$Companion$frameDispatcher$1')}
  0x000001d7c757e340: c248 baa8 | 3615 e1d7 | 0100 0048 | c7c6 900a | 0000 7407 | 48c7 c680 | 0a00 0048 | 8b3c 3248 
  0x000001d7c757e360: 8d7f 0148 | 893c 320f | 84d7 0100 | 004c 8bc0 

  0x000001d7c757e370: ;   {metadata(method data for {method} {0x000001d7e0b1bde8} 'invokeSuspend' '(Ljava/lang/Object;)Ljava/lang/Object;' in 'org/jetbrains/skiko/redrawer/WindowsOpenGLRedrawer$Companion$frameDispatcher$1')}
  0x000001d7c757e370: 48ba a836 | 15e1 d701 | 0000 4883 | 82b0 0a00 

  0x000001d7c757e380: ;   {metadata(method data for {method} {0x000001d7e0b130e8} 'access$getToRedrawCopy$cp' '()Ljava/util/Set;' in 'org/jetbrains/skiko/redrawer/WindowsOpenGLRedrawer')}
  0x000001d7c757e380: 0001 48ba | f841 15e1 | d701 0000 | 8bb2 cc00 | 0000 83c6 | 0289 b2cc | 0000 0081 | e6fe ff1f 
  0x000001d7c757e3a0: 0085 f60f | 8418 0f00 

  0x000001d7c757e3a8: ;   {oop(a 'java/util/LinkedHashSet'{0x0000000700d292e8})}
  0x000001d7c757e3a8: 0048 bae8 | 92d2 0007 | 0000 0048 

  0x000001d7c757e3b4: ;   {metadata(method data for {method} {0x000001d7e0b1bde8} 'invokeSuspend' '(Ljava/lang/Object;)Ljava/lang/Object;' in 'org/jetbrains/skiko/redrawer/WindowsOpenGLRedrawer$Companion$frameDispatcher$1')}
  0x000001d7c757e3b4: 8bf2 48bf | a836 15e1 | d701 0000 | 8b76 0849 | ba00 0000 | 0008 0000 | 0049 03f2 | 483b b7d0 
  0x000001d7c757e3d4: 0a00 0075 | 0d48 8387 | d80a 0000 | 01e9 6000 | 0000 483b | b7e0 0a00 | 0075 0d48 | 8387 e80a 
  0x000001d7c757e3f4: 0000 01e9 | 4a00 0000 | 4883 bfd0 | 0a00 0000 | 7517 4889 | b7d0 0a00 | 0048 c787 | d80a 0000 
  0x000001d7c757e414: 0100 0000 | e929 0000 | 0048 83bf | e00a 0000 | 0075 1748 | 89b7 e00a | 0000 48c7 | 87e8 0a00 
  0x000001d7c757e434: 0001 0000 | 00e9 0800 | 0000 4883 | 87c0 0a00 

  0x000001d7c757e444: ;   {metadata(method data for {method} {0x000001d7df2e55c0} 'clear' '()V' in 'java/util/HashSet')}
  0x000001d7c757e444: 0001 48be | f820 f8e0 | d701 0000 | 8bbe cc00 | 0000 83c7 | 0289 becc | 0000 0081 | e7fe ff1f 
  0x000001d7c757e464: 0085 ff0f | 8475 0e00 | 008b 520c | 48c1 e203 

  0x000001d7c757e474: ; implicit exception: dispatches to 0x000001d7c757f308
  0x000001d7c757e474: 483b 0248 

  0x000001d7c757e478: ;   {metadata(method data for {method} {0x000001d7df2e55c0} 'clear' '()V' in 'java/util/HashSet')}
  0x000001d7c757e478: 8bf2 48bf | f820 f8e0 | d701 0000 | 8b76 0849 | ba00 0000 | 0008 0000 | 0049 03f2 | 483b b720 
  0x000001d7c757e498: 0100 0075 | 0d48 8387 | 2801 0000 | 01e9 6000 | 0000 483b | b730 0100 | 0075 0d48 | 8387 3801 
  0x000001d7c757e4b8: 0000 01e9 | 4a00 0000 | 4883 bf20 | 0100 0000 | 7517 4889 | b720 0100 | 0048 c787 | 2801 0000 
  0x000001d7c757e4d8: 0100 0000 | e929 0000 | 0048 83bf | 3001 0000 | 0075 1748 | 89b7 3001 | 0000 48c7 | 8738 0100 
  0x000001d7c757e4f8: 0001 0000 | 00e9 0800 | 0000 4883 | 8710 0100 | 0001 6666 | 9048 b820 | b301 0008 

  0x000001d7c757e514: ;   {virtual_call}
  0x000001d7c757e514: 0000 00e8 

  0x000001d7c757e518: ; ImmutableOopMap {}
                      ;*invokevirtual clear {reexecute=0 rethrow=0 return_oop=0}
                      ; - java.util.HashSet::clear@4
                      ; - org.jetbrains.skiko.redrawer.WindowsOpenGLRedrawer$Companion$frameDispatcher$1::invokeSuspend@360 (line 129)
  0x000001d7c757e518: 24c1 0b00 

  0x000001d7c757e51c: ;   {other}
  0x000001d7c757e51c: 0f1f 8400 | 8c31 001e 

  0x000001d7c757e524: ;   {oop(a 'kotlin/Unit'{0x0000000700a01ba0})}
  0x000001d7c757e524: 48b8 a01b | a000 0700 | 0000 4881 | c420 0100 

  0x000001d7c757e534: ;   {poll_return}
  0x000001d7c757e534: 005d 493b | a748 0400 | 000f 87ca | 0d00 00c3 

  0x000001d7c757e544: ;   {oop(a 'kotlin/coroutines/intrinsics/CoroutineSingletons'{0x0000000700a01a88})}
  0x000001d7c757e544: 48b8 881a | a000 0700 | 0000 4881 | c420 0100 

  0x000001d7c757e554: ;   {poll_return}
  0x000001d7c757e554: 005d 493b | a748 0400 | 000f 87c0 | 0d00 00c3 | 488b f24d | 85c0 7516 

  0x000001d7c757e56c: ;   {metadata(method data for {method} {0x000001d7df53a700} 'throwOnFailure' '(Ljava/lang/Object;)V' in 'kotlin/ResultKt')}
  0x000001d7c757e56c: 48bf 8818 | eddf d701 | 0000 808f | 6101 0000 | 01e9 ce00 

  0x000001d7c757e580: ;   {metadata('kotlin/Result$Failure')}
  0x000001d7c757e580: 0000 48b9 | 0020 0c00 | 0800 0000 | 418b 5008 | 49ba 0000 | 0000 0800 | 0000 4903 | d248 3bca 
  0x000001d7c757e5a0: 0f85 8e00 

  0x000001d7c757e5a4: ;   {metadata(method data for {method} {0x000001d7df53a700} 'throwOnFailure' '(Ljava/lang/Object;)V' in 'kotlin/ResultKt')}
  0x000001d7c757e5a4: 0000 48bf | 8818 eddf | d701 0000 | 418b 4808 | 49ba 0000 | 0000 0800 | 0000 4903 | ca48 3b8f 
  0x000001d7c757e5c4: 7801 0000 | 750d 4883 | 8780 0100 | 0001 e979 | 0000 0048 | 3b8f 8801 | 0000 750d | 4883 8790 
  0x000001d7c757e5e4: 0100 0001 | e963 0000 | 0048 83bf | 7801 0000 | 0075 1748 | 898f 7801 | 0000 48c7 | 8780 0100 
  0x000001d7c757e604: 0001 0000 | 00e9 4200 | 0000 4883 | bf88 0100 | 0000 7517 | 4889 8f88 | 0100 0048 | c787 9001 
  0x000001d7c757e624: 0000 0100 | 0000 e921 | 0000 00e9 | 1c00 0000 

  0x000001d7c757e634: ;   {metadata(method data for {method} {0x000001d7df53a700} 'throwOnFailure' '(Ljava/lang/Object;)V' in 'kotlin/ResultKt')}
  0x000001d7c757e634: 48bf 8818 | eddf d701 | 0000 4883 | af68 0100 | 0001 e9ee | 0c00 00e9 | 0000 0000 | 498b c08b 
  0x000001d7c757e654: 400c 48c1 | e003 483b | 00e9 400d | 0000 4d85 

  0x000001d7c757e664: ;   {metadata(method data for {method} {0x000001d7df53a700} 'throwOnFailure' '(Ljava/lang/Object;)V' in 'kotlin/ResultKt')}
  0x000001d7c757e664: c075 1648 | be88 18ed | dfd7 0100 | 0080 8e61 | 0100 0001 | e9ce 0000 

  0x000001d7c757e67c: ;   {metadata('kotlin/Result$Failure')}
  0x000001d7c757e67c: 0048 bf00 | 200c 0008 | 0000 0041 | 8b50 0849 | ba00 0000 | 0008 0000 | 0049 03d2 | 483b fa0f 
  0x000001d7c757e69c: 858e 0000 

  0x000001d7c757e6a0: ;   {metadata(method data for {method} {0x000001d7df53a700} 'throwOnFailure' '(Ljava/lang/Object;)V' in 'kotlin/ResultKt')}
  0x000001d7c757e6a0: 0048 be88 | 18ed dfd7 | 0100 0041 | 8b78 0849 | ba00 0000 | 0008 0000 | 0049 03fa | 483b be78 
  0x000001d7c757e6c0: 0100 0075 | 0d48 8386 | 8001 0000 | 01e9 7900 | 0000 483b | be88 0100 | 0075 0d48 | 8386 9001 
  0x000001d7c757e6e0: 0000 01e9 | 6300 0000 | 4883 be78 | 0100 0000 | 7517 4889 | be78 0100 | 0048 c786 | 8001 0000 
  0x000001d7c757e700: 0100 0000 | e942 0000 | 0048 83be | 8801 0000 | 0075 1748 | 89be 8801 | 0000 48c7 | 8690 0100 
  0x000001d7c757e720: 0001 0000 | 00e9 2100 | 0000 e91c 

  0x000001d7c757e72c: ;   {metadata(method data for {method} {0x000001d7df53a700} 'throwOnFailure' '(Ljava/lang/Object;)V' in 'kotlin/ResultKt')}
  0x000001d7c757e72c: 0000 0048 | be88 18ed | dfd7 0100 | 0048 83ae | 6801 0000 | 01e9 060c | 0000 e900 | 0000 0049 
  0x000001d7c757e74c: 8bc0 8b40 | 0c48 c1e0 | 0348 3b00 | e945 0c00 | 0066 6690 

  0x000001d7c757e760: ;   {no_reloc}
  0x000001d7c757e760: e909 0c00 | 0000 0000 | 0000 498b | 87b8 0100 | 0048 8d78 | 2849 3bbf | c801 0000 | 0f87 f60b 
  0x000001d7c757e780: 0000 4989 | bfb8 0100 | 0048 c700 | 0100 0000 | 488b ca49 | ba00 0000 | 0008 0000 | 0049 2bca 
  0x000001d7c757e7a0: 8948 0848 | 33c9 8948 | 0c48 33c9 | 4889 4810 | 4889 4818 | 4889 4820 

  0x000001d7c757e7b8: ;   {metadata(method data for {method} {0x000001d7e0b1bde8} 'invokeSuspend' '(Ljava/lang/Object;)Ljava/lang/Object;' in 'org/jetbrains/skiko/redrawer/WindowsOpenGLRedrawer$Companion$frameDispatcher$1')}
  0x000001d7c757e7b8: 4c8b c048 | baa8 3615 | e1d7 0100 | 0048 8382 | f80a 0000 

  0x000001d7c757e7cc: ;   {oop("call to 'resume' before 'invoke' with coroutine"{0x0000000700e6a080})}
  0x000001d7c757e7cc: 0149 b880 | a0e6 0007 | 0000 0048 | 8bd0 4889 | 8424 1001 | 0000 0f1f 

  0x000001d7c757e7e4: ;   {optimized virtual_call}
  0x000001d7c757e7e4: 4400 00e8 

  0x000001d7c757e7e8: ; ImmutableOopMap {[272]=Oop }
                      ;*invokespecial <init> {reexecute=0 rethrow=0 return_oop=0}
                      ; - org.jetbrains.skiko.redrawer.WindowsOpenGLRedrawer$Companion$frameDispatcher$1::invokeSuspend@375 (line 93)
  0x000001d7c757e7e8: 9402 d906 

  0x000001d7c757e7ec: ;   {other}
  0x000001d7c757e7ec: 0f1f 8400 | 5c34 001f | 488b 8424 | 1001 0000 | e9a1 0b00 

  0x000001d7c757e800: ;   {metadata({method} {0x000001d7e0b1bde8} 'invokeSuspend' '(Ljava/lang/Object;)Ljava/lang/Object;' in 'org/jetbrains/skiko/redrawer/WindowsOpenGLRedrawer$Companion$frameDispatcher$1')}
  0x000001d7c757e800: 0049 bae0 | bdb1 e0d7 | 0100 004c | 8954 2408 | 48c7 0424 | ffff ffff 

  0x000001d7c757e818: ;   {runtime_call counter_overflow Runtime1 stub}
  0x000001d7c757e818: e863 24e5 

  0x000001d7c757e81c: ; ImmutableOopMap {rdx=Oop r8=Oop }
                      ;*synchronization entry
                      ; - org.jetbrains.skiko.redrawer.WindowsOpenGLRedrawer$Companion$frameDispatcher$1::invokeSuspend@-1
  0x000001d7c757e81c: 06e9 64d2 

  0x000001d7c757e820: ;   {metadata({method} {0x000001d7dfb73a68} 'getCOROUTINE_SUSPENDED' '()Ljava/lang/Object;' in 'kotlin/coroutines/intrinsics/IntrinsicsKt__IntrinsicsKt')}
  0x000001d7c757e820: ffff 49ba | 603a b7df | d701 0000 | 4c89 5424 | 0848 c704 | 24ff ffff 

  0x000001d7c757e838: ;   {runtime_call counter_overflow Runtime1 stub}
  0x000001d7c757e838: ffe8 4224 

  0x000001d7c757e83c: ; ImmutableOopMap {rdx=Oop r8=Oop }
                      ;*synchronization entry
                      ; - kotlin.coroutines.intrinsics.IntrinsicsKt__IntrinsicsKt::getCOROUTINE_SUSPENDED@-1 (line 57)
                      ; - org.jetbrains.skiko.redrawer.WindowsOpenGLRedrawer$Companion$frameDispatcher$1::invokeSuspend@0
  0x000001d7c757e83c: e506 e97c 

  0x000001d7c757e840: ;   {metadata({method} {0x000001d7df53a700} 'throwOnFailure' '(Ljava/lang/Object;)V' in 'kotlin/ResultKt')}
  0x000001d7c757e840: d2ff ff49 | baf8 a653 | dfd7 0100 | 004c 8954 | 2408 48c7 | 0424 ffff 

  0x000001d7c757e858: ;   {runtime_call counter_overflow Runtime1 stub}
  0x000001d7c757e858: ffff e821 

  0x000001d7c757e85c: ; ImmutableOopMap {r8=Oop }
                      ;*synchronization entry
                      ; - kotlin.ResultKt::throwOnFailure@-1 (line 132)
                      ; - org.jetbrains.skiko.redrawer.WindowsOpenGLRedrawer$Companion$frameDispatcher$1::invokeSuspend@352 (line 93)
  0x000001d7c757e85c: 24e5 06e9 | ecd2 ffff 

  0x000001d7c757e864: ;   {metadata({method} {0x000001d7df53a700} 'throwOnFailure' '(Ljava/lang/Object;)V' in 'kotlin/ResultKt')}
  0x000001d7c757e864: 49ba f8a6 | 53df d701 | 0000 4c89 | 5424 0848 | c704 24ff 

  0x000001d7c757e878: ;   {runtime_call counter_overflow Runtime1 stub}
  0x000001d7c757e878: ffff ffe8 

  0x000001d7c757e87c: ; ImmutableOopMap {rdx=Oop r8=Oop }
                      ;*synchronization entry
                      ; - kotlin.ResultKt::throwOnFailure@-1 (line 132)
                      ; - org.jetbrains.skiko.redrawer.WindowsOpenGLRedrawer$Companion$frameDispatcher$1::invokeSuspend@33 (line 93)
  0x000001d7c757e87c: 0024 e506 | e92c d4ff 

  0x000001d7c757e884: ;   {metadata({method} {0x000001d7e0b130e8} 'access$getToRedrawCopy$cp' '()Ljava/util/Set;' in 'org/jetbrains/skiko/redrawer/WindowsOpenGLRedrawer')}
  0x000001d7c757e884: ff49 bae0 | 30b1 e0d7 | 0100 004c | 8954 2408 | 48c7 0424 | ffff ffff 

  0x000001d7c757e89c: ;   {runtime_call counter_overflow Runtime1 stub}
  0x000001d7c757e89c: e8df 23e5 

  0x000001d7c757e8a0: ; ImmutableOopMap {[208]=Oop }
                      ;*synchronization entry
                      ; - org.jetbrains.skiko.redrawer.WindowsOpenGLRedrawer::access$getToRedrawCopy$cp@-1 (line 7)
                      ; - org.jetbrains.skiko.redrawer.WindowsOpenGLRedrawer$Companion$frameDispatcher$1::invokeSuspend@36 (line 94)
  0x000001d7c757e8a0: 06e9 71d5 

  0x000001d7c757e8a4: ;   {metadata({method} {0x000001d7e0b13198} 'access$getToRedraw$cp' '()Ljava/util/Set;' in 'org/jetbrains/skiko/redrawer/WindowsOpenGLRedrawer')}
  0x000001d7c757e8a4: ffff 49ba | 9031 b1e0 | d701 0000 | 4c89 5424 | 0848 c704 | 24ff ffff 

  0x000001d7c757e8bc: ;   {runtime_call counter_overflow Runtime1 stub}
  0x000001d7c757e8bc: ffe8 be23 

  0x000001d7c757e8c0: ; ImmutableOopMap {[208]=Oop }
                      ;*synchronization entry
                      ; - org.jetbrains.skiko.redrawer.WindowsOpenGLRedrawer::access$getToRedraw$cp@-1 (line 7)
                      ; - org.jetbrains.skiko.redrawer.WindowsOpenGLRedrawer$Companion$frameDispatcher$1::invokeSuspend@39 (line 94)
  0x000001d7c757e8c0: e506 e98b 

  0x000001d7c757e8c4: ;   {metadata({method} {0x000001d7e0b13198} 'access$getToRedraw$cp' '()Ljava/util/Set;' in 'org/jetbrains/skiko/redrawer/WindowsOpenGLRedrawer')}
  0x000001d7c757e8c4: d5ff ff49 | ba90 31b1 | e0d7 0100 | 004c 8954 | 2408 48c7 | 0424 ffff 

  0x000001d7c757e8dc: ;   {runtime_call counter_overflow Runtime1 stub}
  0x000001d7c757e8dc: ffff e89d 

  0x000001d7c757e8e0: ; ImmutableOopMap {[200]=Oop [208]=Oop }
                      ;*synchronization entry
                      ; - org.jetbrains.skiko.redrawer.WindowsOpenGLRedrawer::access$getToRedraw$cp@-1 (line 7)
                      ; - org.jetbrains.skiko.redrawer.WindowsOpenGLRedrawer$Companion$frameDispatcher$1::invokeSuspend@51 (line 95)
  0x000001d7c757e8e0: 23e5 06e9 | 6dd6 ffff 

  0x000001d7c757e8e8: ;   {metadata({method} {0x000001d7df2e55c0} 'clear' '()V' in 'java/util/HashSet')}
  0x000001d7c757e8e8: 49ba b855 | 2edf d701 | 0000 4c89 | 5424 0848 | c704 24ff 

  0x000001d7c757e8fc: ;   {runtime_call counter_overflow Runtime1 stub}
  0x000001d7c757e8fc: ffff ffe8 

  0x000001d7c757e900: ; ImmutableOopMap {[200]=Oop [208]=Oop }
                      ;*synchronization entry
                      ; - java.util.HashSet::clear@-1
                      ; - org.jetbrains.skiko.redrawer.WindowsOpenGLRedrawer$Companion$frameDispatcher$1::invokeSuspend@54 (line 95)
  0x000001d7c757e900: 7c23 e506 | e90b d7ff 

  0x000001d7c757e908: ;   {runtime_call throw_null_pointer_exception Runtime1 stub}
  0x000001d7c757e908: ffe8 72d2 

  0x000001d7c757e90c: ; ImmutableOopMap {[208]=Oop }
                      ;*getfield map {reexecute=1 rethrow=0 return_oop=0}
                      ; - (reexecute) java.util.HashSet::clear@1
                      ; - org.jetbrains.skiko.redrawer.WindowsOpenGLRedrawer$Companion$frameDispatcher$1::invokeSuspend@54 (line 95)
                      ;   {runtime_call throw_null_pointer_exception Runtime1 stub}
  0x000001d7c757e90c: e406 e86d 

  0x000001d7c757e910: ; ImmutableOopMap {rdx=Oop [208]=Oop }
                      ;*invokevirtual clear {reexecute=0 rethrow=0 return_oop=0}
                      ; - java.util.HashSet::clear@4
                      ; - org.jetbrains.skiko.redrawer.WindowsOpenGLRedrawer$Companion$frameDispatcher$1::invokeSuspend@54 (line 95)
                      ;   {metadata({method} {0x000001d7e0b13248} 'access$getToRedrawVisible$cp' '()Lkotlin/sequences/Sequence;' in 'org/jetbrains/skiko/redrawer/WindowsOpenGLRedrawer')}
  0x000001d7c757e910: d2e4 0649 | ba40 32b1 | e0d7 0100 | 004c 8954 | 2408 48c7 | 0424 ffff 

  0x000001d7c757e928: ;   {runtime_call counter_overflow Runtime1 stub}
  0x000001d7c757e928: ffff e851 

  0x000001d7c757e92c: ; ImmutableOopMap {[208]=Oop }
                      ;*synchronization entry
                      ; - org.jetbrains.skiko.redrawer.WindowsOpenGLRedrawer::access$getToRedrawVisible$cp@-1 (line 7)
                      ; - org.jetbrains.skiko.redrawer.WindowsOpenGLRedrawer$Companion$frameDispatcher$1::invokeSuspend@63 (line 99)
  0x000001d7c757e92c: 23e5 06e9 | 07d8 ffff 

  0x000001d7c757e934: ;   {metadata({method} {0x000001d7e0b19408} 'iterator' '()Ljava/util/Iterator;' in 'kotlin/sequences/FilteringSequence')}
  0x000001d7c757e934: 49ba 0094 | b1e0 d701 | 0000 4c89 | 5424 0848 | c704 24ff 

  0x000001d7c757e948: ;   {runtime_call counter_overflow Runtime1 stub}
  0x000001d7c757e948: ffff ffe8 

  0x000001d7c757e94c: ; ImmutableOopMap {rbx=Oop [208]=Oop }
                      ;*synchronization entry
                      ; - kotlin.sequences.FilteringSequence::iterator@-1 (line 163)
                      ; - org.jetbrains.skiko.redrawer.WindowsOpenGLRedrawer$Companion$frameDispatcher$1::invokeSuspend@66 (line 99)
  0x000001d7c757e94c: 3023 e506 | e93d d8ff | ff48 8bd2 

  0x000001d7c757e958: ;   {runtime_call fast_new_instance Runtime1 stub}
  0x000001d7c757e958: e823 dbe4 

  0x000001d7c757e95c: ; ImmutableOopMap {rbx=Oop [208]=Oop }
                      ;*new {reexecute=0 rethrow=0 return_oop=0}
                      ; - kotlin.sequences.FilteringSequence::iterator@0 (line 163)
                      ; - org.jetbrains.skiko.redrawer.WindowsOpenGLRedrawer$Companion$frameDispatcher$1::invokeSuspend@66 (line 99)
  0x000001d7c757e95c: 06e9 84d8 

  0x000001d7c757e960: ;   {metadata({method} {0x000001d7e10476c8} '<init>' '(Lkotlin/sequences/FilteringSequence;)V' in 'kotlin/sequences/FilteringSequence$iterator$1')}
  0x000001d7c757e960: ffff 49ba | c076 04e1 | d701 0000 | 4c89 5424 | 0848 c704 | 24ff ffff 

  0x000001d7c757e978: ;   {runtime_call counter_overflow Runtime1 stub}
  0x000001d7c757e978: ffe8 0223 

  0x000001d7c757e97c: ; ImmutableOopMap {rbx=Oop rax=Oop [208]=Oop [216]=Oop }
                      ;*synchronization entry
                      ; - kotlin.sequences.FilteringSequence$iterator$1::<init>@-1
                      ; - kotlin.sequences.FilteringSequence::iterator@5 (line 163)
                      ; - org.jetbrains.skiko.redrawer.WindowsOpenGLRedrawer$Companion$frameDispatcher$1::invokeSuspend@66 (line 99)
  0x000001d7c757e97c: e506 e9a7 | d8ff ff8b | 5018 48c1 | e203 4883 | fa00 0f84 | a3d8 ffff | 4889 1424 

  0x000001d7c757e998: ;   {runtime_call g1_pre_barrier_slow}
  0x000001d7c757e998: e8e3 28e5 | 06e9 95d8 | ffff 4883 | fa00 0f84 | bbd8 ffff | 4889 0424 

  0x000001d7c757e9b0: ;   {runtime_call g1_post_barrier_slow}
  0x000001d7c757e9b0: e8cb 2be5 | 06e9 add8 

  0x000001d7c757e9b8: ;   {metadata({method} {0x000001d7df000638} '<init>' '()V' in 'java/lang/Object')}
  0x000001d7c757e9b8: ffff 49ba | 3006 00df | d701 0000 | 4c89 5424 | 0848 c704 | 24ff ffff 

  0x000001d7c757e9d0: ;   {runtime_call counter_overflow Runtime1 stub}
  0x000001d7c757e9d0: ffe8 aa22 

  0x000001d7c757e9d4: ; ImmutableOopMap {rbx=Oop rax=Oop [208]=Oop [216]=Oop }
                      ;*synchronization entry
                      ; - java.lang.Object::<init>@-1
                      ; - kotlin.sequences.FilteringSequence$iterator$1::<init>@6 (line 163)
                      ; - kotlin.sequences.FilteringSequence::iterator@5 (line 163)
                      ; - org.jetbrains.skiko.redrawer.WindowsOpenGLRedrawer$Companion$frameDispatcher$1::invokeSuspend@66 (line 99)
  0x000001d7c757e9d4: e506 e9c8 

  0x000001d7c757e9d8: ;   {runtime_call throw_null_pointer_exception Runtime1 stub}
  0x000001d7c757e9d8: d8ff ffe8 

  0x000001d7c757e9dc: ; ImmutableOopMap {rax=Oop [208]=Oop [216]=Oop }
                      ;*getfield sequence {reexecute=1 rethrow=0 return_oop=0}
                      ; - (reexecute) kotlin.sequences.FilteringSequence::access$getSequence$p@1 (line 157)
                      ; - kotlin.sequences.FilteringSequence$iterator$1::<init>@11 (line 164)
                      ; - kotlin.sequences.FilteringSequence::iterator@5 (line 163)
                      ; - org.jetbrains.skiko.redrawer.WindowsOpenGLRedrawer$Companion$frameDispatcher$1::invokeSuspend@66 (line 99)
  0x000001d7c757e9dc: a0d1 e406 

  0x000001d7c757e9e0: ;   {runtime_call throw_null_pointer_exception Runtime1 stub}
  0x000001d7c757e9e0: e89b d1e4 

  0x000001d7c757e9e4: ; ImmutableOopMap {rax=Oop rdx=Oop [208]=Oop [216]=Oop }
                      ;*invokeinterface iterator {reexecute=0 rethrow=0 return_oop=0}
                      ; - kotlin.sequences.FilteringSequence$iterator$1::<init>@14 (line 164)
                      ; - kotlin.sequences.FilteringSequence::iterator@5 (line 163)
                      ; - org.jetbrains.skiko.redrawer.WindowsOpenGLRedrawer$Companion$frameDispatcher$1::invokeSuspend@66 (line 99)
  0x000001d7c757e9e4: 068b 5610 | 48c1 e203 | 4883 fa00 | 0f84 8bd9 | ffff 4889 

  0x000001d7c757e9f8: ;   {runtime_call g1_pre_barrier_slow}
  0x000001d7c757e9f8: 1424 e881 | 28e5 06e9 | 7dd9 ffff | 4883 f800 | 0f84 92d9 | ffff 4889 

  0x000001d7c757ea10: ;   {runtime_call g1_post_barrier_slow}
  0x000001d7c757ea10: 3424 e869 | 2be5 06e9 | 84d9 ffff 

  0x000001d7c757ea1c: ;   {metadata({method} {0x000001d7e1047da8} 'hasNext' '()Z' in 'kotlin/sequences/FilteringSequence$iterator$1')}
  0x000001d7c757ea1c: 49ba a07d | 04e1 d701 | 0000 4c89 | 5424 0848 | c704 24ff 

  0x000001d7c757ea30: ;   {runtime_call counter_overflow Runtime1 stub}
  0x000001d7c757ea30: ffff ffe8 

  0x000001d7c757ea34: ; ImmutableOopMap {rsi=Oop [208]=Oop [216]=Oop }
                      ;*synchronization entry
                      ; - kotlin.sequences.FilteringSequence$iterator$1::hasNext@-1 (line 193)
                      ; - org.jetbrains.skiko.redrawer.WindowsOpenGLRedrawer$Companion$frameDispatcher$1::invokeSuspend@75 (line 99)
  0x000001d7c757ea34: 4822 e506 | e9b8 d9ff | ff48 8904 

  0x000001d7c757ea40: ;   {runtime_call throw_class_cast_exception Runtime1 stub}
  0x000001d7c757ea40: 24e8 3af5 

  0x000001d7c757ea44: ; ImmutableOopMap {[208]=Oop [216]=Oop }
                      ;*checkcast {reexecute=0 rethrow=0 return_oop=0}
                      ; - org.jetbrains.skiko.redrawer.WindowsOpenGLRedrawer$Companion$frameDispatcher$1::invokeSuspend@90 (line 99)
                      ;   {runtime_call throw_null_pointer_exception Runtime1 stub}
  0x000001d7c757ea44: e406 e835 

  0x000001d7c757ea48: ; ImmutableOopMap {rdx=Oop [208]=Oop [216]=Oop }
                      ;*invokevirtual update {reexecute=0 rethrow=0 return_oop=0}
                      ; - org.jetbrains.skiko.redrawer.WindowsOpenGLRedrawer$Companion$frameDispatcher$1::invokeSuspend@99 (line 101)
                      ;   {metadata({method} {0x000001d7e0b1bde8} 'invokeSuspend' '(Ljava/lang/Object;)Ljava/lang/Object;' in 'org/jetbrains/skiko/redrawer/WindowsOpenGLRedrawer$Companion$frameDispatcher$1')}
  0x000001d7c757ea48: d1e4 0649 | bae0 bdb1 | e0d7 0100 | 004c 8954 | 2408 48c7 | 0424 6600 

  0x000001d7c757ea60: ;   {runtime_call counter_overflow Runtime1 stub}
  0x000001d7c757ea60: 0000 e819 

  0x000001d7c757ea64: ; ImmutableOopMap {[208]=Oop [216]=Oop }
                      ;*goto {reexecute=1 rethrow=0 return_oop=0}
                      ; - (reexecute) org.jetbrains.skiko.redrawer.WindowsOpenGLRedrawer$Companion$frameDispatcher$1::invokeSuspend@102 (line 101)
  0x000001d7c757ea64: 22e5 06e9 | e7db ffff 

  0x000001d7c757ea6c: ;   {metadata({method} {0x000001d7e0b1bde8} 'invokeSuspend' '(Ljava/lang/Object;)Ljava/lang/Object;' in 'org/jetbrains/skiko/redrawer/WindowsOpenGLRedrawer$Companion$frameDispatcher$1')}
  0x000001d7c757ea6c: 49ba e0bd | b1e0 d701 | 0000 4c89 | 5424 0848 | c704 246b 

  0x000001d7c757ea80: ;   {runtime_call counter_overflow Runtime1 stub}
  0x000001d7c757ea80: 0000 00e8 

  0x000001d7c757ea84: ; ImmutableOopMap {[208]=Oop [216]=Oop }
                      ;*goto {reexecute=1 rethrow=0 return_oop=0}
                      ; - (reexecute) org.jetbrains.skiko.redrawer.WindowsOpenGLRedrawer$Companion$frameDispatcher$1::invokeSuspend@107 (line 102)
  0x000001d7c757ea84: f821 e506 | e92f dcff 

  0x000001d7c757ea8c: ;   {metadata({method} {0x000001d7e0b13248} 'access$getToRedrawVisible$cp' '()Lkotlin/sequences/Sequence;' in 'org/jetbrains/skiko/redrawer/WindowsOpenGLRedrawer')}
  0x000001d7c757ea8c: ff49 ba40 | 32b1 e0d7 | 0100 004c | 8954 2408 | 48c7 0424 | ffff ffff 

  0x000001d7c757eaa4: ;   {runtime_call counter_overflow Runtime1 stub}
  0x000001d7c757eaa4: e8d7 21e5 

  0x000001d7c757eaa8: ; ImmutableOopMap {[208]=Oop }
                      ;*synchronization entry
                      ; - org.jetbrains.skiko.redrawer.WindowsOpenGLRedrawer::access$getToRedrawVisible$cp@-1 (line 7)
                      ; - org.jetbrains.skiko.redrawer.WindowsOpenGLRedrawer$Companion$frameDispatcher$1::invokeSuspend@110 (line 107)
  0x000001d7c757eaa8: 06e9 6edc 

  0x000001d7c757eaac: ;   {metadata({method} {0x000001d7e0b19408} 'iterator' '()Ljava/util/Iterator;' in 'kotlin/sequences/FilteringSequence')}
  0x000001d7c757eaac: ffff 49ba | 0094 b1e0 | d701 0000 | 4c89 5424 | 0848 c704 | 24ff ffff 

  0x000001d7c757eac4: ;   {runtime_call counter_overflow Runtime1 stub}
  0x000001d7c757eac4: ffe8 b621 

  0x000001d7c757eac8: ; ImmutableOopMap {rbx=Oop [208]=Oop }
                      ;*synchronization entry
                      ; - kotlin.sequences.FilteringSequence::iterator@-1 (line 163)
                      ; - org.jetbrains.skiko.redrawer.WindowsOpenGLRedrawer$Companion$frameDispatcher$1::invokeSuspend@113 (line 107)
  0x000001d7c757eac8: e506 e9a4 | dcff ff48 

  0x000001d7c757ead0: ;   {runtime_call fast_new_instance Runtime1 stub}
  0x000001d7c757ead0: 8bd2 e8a9 

  0x000001d7c757ead4: ; ImmutableOopMap {rbx=Oop [208]=Oop }
                      ;*new {reexecute=0 rethrow=0 return_oop=0}
                      ; - kotlin.sequences.FilteringSequence::iterator@0 (line 163)
                      ; - org.jetbrains.skiko.redrawer.WindowsOpenGLRedrawer$Companion$frameDispatcher$1::invokeSuspend@113 (line 107)
  0x000001d7c757ead4: d9e4 06e9 | ebdc ffff 

  0x000001d7c757eadc: ;   {metadata({method} {0x000001d7e10476c8} '<init>' '(Lkotlin/sequences/FilteringSequence;)V' in 'kotlin/sequences/FilteringSequence$iterator$1')}
  0x000001d7c757eadc: 49ba c076 | 04e1 d701 | 0000 4c89 | 5424 0848 | c704 24ff 

  0x000001d7c757eaf0: ;   {runtime_call counter_overflow Runtime1 stub}
  0x000001d7c757eaf0: ffff ffe8 

  0x000001d7c757eaf4: ; ImmutableOopMap {rbx=Oop rax=Oop [208]=Oop [232]=Oop }
                      ;*synchronization entry
                      ; - kotlin.sequences.FilteringSequence$iterator$1::<init>@-1
                      ; - kotlin.sequences.FilteringSequence::iterator@5 (line 163)
                      ; - org.jetbrains.skiko.redrawer.WindowsOpenGLRedrawer$Companion$frameDispatcher$1::invokeSuspend@113 (line 107)
  0x000001d7c757eaf4: 8821 e506 | e90e ddff | ff8b 5018 | 48c1 e203 | 4883 fa00 | 0f84 0add | ffff 4889 

  0x000001d7c757eb10: ;   {runtime_call g1_pre_barrier_slow}
  0x000001d7c757eb10: 1424 e869 | 27e5 06e9 | fcdc ffff | 4883 fa00 | 0f84 22dd | ffff 4889 

  0x000001d7c757eb28: ;   {runtime_call g1_post_barrier_slow}
  0x000001d7c757eb28: 0424 e851 | 2ae5 06e9 | 14dd ffff 

  0x000001d7c757eb34: ;   {metadata({method} {0x000001d7df000638} '<init>' '()V' in 'java/lang/Object')}
  0x000001d7c757eb34: 49ba 3006 | 00df d701 | 0000 4c89 | 5424 0848 | c704 24ff 

  0x000001d7c757eb48: ;   {runtime_call counter_overflow Runtime1 stub}
  0x000001d7c757eb48: ffff ffe8 

  0x000001d7c757eb4c: ; ImmutableOopMap {rbx=Oop rax=Oop [208]=Oop [232]=Oop }
                      ;*synchronization entry
                      ; - java.lang.Object::<init>@-1
                      ; - kotlin.sequences.FilteringSequence$iterator$1::<init>@6 (line 163)
                      ; - kotlin.sequences.FilteringSequence::iterator@5 (line 163)
                      ; - org.jetbrains.skiko.redrawer.WindowsOpenGLRedrawer$Companion$frameDispatcher$1::invokeSuspend@113 (line 107)
  0x000001d7c757eb4c: 3021 e506 | e92f ddff 

  0x000001d7c757eb54: ;   {runtime_call throw_null_pointer_exception Runtime1 stub}
  0x000001d7c757eb54: ffe8 26d0 

  0x000001d7c757eb58: ; ImmutableOopMap {rax=Oop rdx=Oop [208]=Oop [232]=Oop }
                      ;*invokeinterface iterator {reexecute=0 rethrow=0 return_oop=0}
                      ; - kotlin.sequences.FilteringSequence$iterator$1::<init>@14 (line 164)
                      ; - kotlin.sequences.FilteringSequence::iterator@5 (line 163)
                      ; - org.jetbrains.skiko.redrawer.WindowsOpenGLRedrawer$Companion$frameDispatcher$1::invokeSuspend@113 (line 107)
  0x000001d7c757eb58: e406 8b56 | 1048 c1e2 | 0348 83fa | 000f 84f6 | ddff ff48 

  0x000001d7c757eb6c: ;   {runtime_call g1_pre_barrier_slow}
  0x000001d7c757eb6c: 8914 24e8 | 0c27 e506 | e9e8 ddff | ff48 83f8 | 000f 84fd | ddff ff48 

  0x000001d7c757eb84: ;   {runtime_call g1_post_barrier_slow}
  0x000001d7c757eb84: 8934 24e8 | f429 e506 | e9ef ddff 

  0x000001d7c757eb90: ;   {metadata({method} {0x000001d7e1047da8} 'hasNext' '()Z' in 'kotlin/sequences/FilteringSequence$iterator$1')}
  0x000001d7c757eb90: ff49 baa0 | 7d04 e1d7 | 0100 004c | 8954 2408 | 48c7 0424 | ffff ffff 

  0x000001d7c757eba8: ;   {runtime_call counter_overflow Runtime1 stub}
  0x000001d7c757eba8: e8d3 20e5 

  0x000001d7c757ebac: ; ImmutableOopMap {rsi=Oop [208]=Oop [232]=Oop }
                      ;*synchronization entry
                      ; - kotlin.sequences.FilteringSequence$iterator$1::hasNext@-1 (line 193)
                      ; - org.jetbrains.skiko.redrawer.WindowsOpenGLRedrawer$Companion$frameDispatcher$1::invokeSuspend@122 (line 107)
  0x000001d7c757ebac: 06e9 23de | ffff 4889 

  0x000001d7c757ebb4: ;   {runtime_call throw_class_cast_exception Runtime1 stub}
  0x000001d7c757ebb4: 0424 e8c5 

  0x000001d7c757ebb8: ; ImmutableOopMap {[208]=Oop [232]=Oop }
                      ;*checkcast {reexecute=0 rethrow=0 return_oop=0}
                      ; - org.jetbrains.skiko.redrawer.WindowsOpenGLRedrawer$Companion$frameDispatcher$1::invokeSuspend@137 (line 107)
                      ;   {metadata({method} {0x000001d7e0b13308} 'access$makeCurrent' '(Lorg/jetbrains/skiko/redrawer/WindowsOpenGLRedrawer;)V' in 'org/jetbrains/skiko/redrawer/WindowsOpenGLRedrawer')}
  0x000001d7c757ebb8: f3e4 0649 | ba00 33b1 | e0d7 0100 | 004c 8954 | 2408 48c7 | 0424 ffff 

  0x000001d7c757ebd0: ;   {runtime_call counter_overflow Runtime1 stub}
  0x000001d7c757ebd0: ffff e8a9 

  0x000001d7c757ebd4: ; ImmutableOopMap {rsi=Oop [208]=Oop [232]=Oop }
                      ;*synchronization entry
                      ; - org.jetbrains.skiko.redrawer.WindowsOpenGLRedrawer::access$makeCurrent@-1
                      ; - org.jetbrains.skiko.redrawer.WindowsOpenGLRedrawer$Companion$frameDispatcher$1::invokeSuspend@144 (line 108)
  0x000001d7c757ebd4: 20e5 06e9 | 39e0 ffff 

  0x000001d7c757ebdc: ;   {runtime_call throw_null_pointer_exception Runtime1 stub}
  0x000001d7c757ebdc: e89f cfe4 

  0x000001d7c757ebe0: ; ImmutableOopMap {rsi=Oop [208]=Oop [232]=Oop }
                      ;*invokespecial makeCurrent {reexecute=0 rethrow=0 return_oop=0}
                      ; - org.jetbrains.skiko.redrawer.WindowsOpenGLRedrawer::access$makeCurrent@1 (line 7)
                      ; - org.jetbrains.skiko.redrawer.WindowsOpenGLRedrawer$Companion$frameDispatcher$1::invokeSuspend@144 (line 108)
                      ;   {metadata({method} {0x000001d7e0b12eb0} 'makeCurrent' '()V' in 'org/jetbrains/skiko/redrawer/WindowsOpenGLRedrawer')}
  0x000001d7c757ebe0: 0649 baa8 | 2eb1 e0d7 | 0100 004c | 8954 2408 | 48c7 0424 | ffff ffff 

  0x000001d7c757ebf8: ;   {runtime_call counter_overflow Runtime1 stub}
  0x000001d7c757ebf8: e883 20e5 

  0x000001d7c757ebfc: ; ImmutableOopMap {rsi=Oop [208]=Oop [232]=Oop }
                      ;*synchronization entry
                      ; - org.jetbrains.skiko.redrawer.WindowsOpenGLRedrawer::makeCurrent@-1 (line 82)
                      ; - org.jetbrains.skiko.redrawer.WindowsOpenGLRedrawer::access$makeCurrent@1 (line 7)
                      ; - org.jetbrains.skiko.redrawer.WindowsOpenGLRedrawer$Companion$frameDispatcher$1::invokeSuspend@144 (line 108)
  0x000001d7c757ebfc: 06e9 57e0 

  0x000001d7c757ec00: ;   {metadata({method} {0x000001d7e0b27f88} 'access$makeCurrent' '(JJ)V' in 'org/jetbrains/skiko/redrawer/WindowsOpenGLRedrawerKt')}
  0x000001d7c757ec00: ffff 49ba | 807f b2e0 | d701 0000 | 4c89 5424 | 0848 c704 | 24ff ffff 

  0x000001d7c757ec18: ;   {runtime_call counter_overflow Runtime1 stub}
  0x000001d7c757ec18: ffe8 6220 

  0x000001d7c757ec1c: ; ImmutableOopMap {rsi=Oop [208]=Oop [232]=Oop }
                      ;*synchronization entry
                      ; - org.jetbrains.skiko.redrawer.WindowsOpenGLRedrawerKt::access$makeCurrent@-1
                      ; - org.jetbrains.skiko.redrawer.WindowsOpenGLRedrawer::makeCurrent@8 (line 82)
                      ; - org.jetbrains.skiko.redrawer.WindowsOpenGLRedrawer::access$makeCurrent@1 (line 7)
                      ; - org.jetbrains.skiko.redrawer.WindowsOpenGLRedrawer$Companion$frameDispatcher$1::invokeSuspend@144 (line 108)
  0x000001d7c757ec1c: e506 e977 

  0x000001d7c757ec20: ;   {metadata({method} {0x000001d7e0b133c8} 'access$draw' '(Lorg/jetbrains/skiko/redrawer/WindowsOpenGLRedrawer;)V' in 'org/jetbrains/skiko/redrawer/WindowsOpenGLRedrawer')}
  0x000001d7c757ec20: e0ff ff49 | bac0 33b1 | e0d7 0100 | 004c 8954 | 2408 48c7 | 0424 ffff 

  0x000001d7c757ec38: ;   {runtime_call counter_overflow Runtime1 stub}
  0x000001d7c757ec38: ffff e841 

  0x000001d7c757ec3c: ; ImmutableOopMap {[208]=Oop [232]=Oop [240]=Oop }
                      ;*synchronization entry
                      ; - org.jetbrains.skiko.redrawer.WindowsOpenGLRedrawer::access$draw@-1
                      ; - org.jetbrains.skiko.redrawer.WindowsOpenGLRedrawer$Companion$frameDispatcher$1::invokeSuspend@149 (line 109)
  0x000001d7c757ec3c: 20e5 06e9 | b9e0 ffff 

  0x000001d7c757ec44: ;   {metadata({method} {0x000001d7e0b1bde8} 'invokeSuspend' '(Ljava/lang/Object;)Ljava/lang/Object;' in 'org/jetbrains/skiko/redrawer/WindowsOpenGLRedrawer$Companion$frameDispatcher$1')}
  0x000001d7c757ec44: 49ba e0bd | b1e0 d701 | 0000 4c89 | 5424 0848 | c704 2498 

  0x000001d7c757ec58: ;   {runtime_call counter_overflow Runtime1 stub}
  0x000001d7c757ec58: 0000 00e8 

  0x000001d7c757ec5c: ; ImmutableOopMap {[208]=Oop [232]=Oop }
                      ;*goto {reexecute=1 rethrow=0 return_oop=0}
                      ; - (reexecute) org.jetbrains.skiko.redrawer.WindowsOpenGLRedrawer$Companion$frameDispatcher$1::invokeSuspend@152 (line 109)
  0x000001d7c757ec5c: 2020 e506 | e9ee e0ff 

  0x000001d7c757ec64: ;   {metadata({method} {0x000001d7e0b13248} 'access$getToRedrawVisible$cp' '()Lkotlin/sequences/Sequence;' in 'org/jetbrains/skiko/redrawer/WindowsOpenGLRedrawer')}
  0x000001d7c757ec64: ff49 ba40 | 32b1 e0d7 | 0100 004c | 8954 2408 | 48c7 0424 | ffff ffff 

  0x000001d7c757ec7c: ;   {runtime_call counter_overflow Runtime1 stub}
  0x000001d7c757ec7c: e8ff 1fe5 

  0x000001d7c757ec80: ; ImmutableOopMap {[208]=Oop }
                      ;*synchronization entry
                      ; - org.jetbrains.skiko.redrawer.WindowsOpenGLRedrawer::access$getToRedrawVisible$cp@-1 (line 7)
                      ; - org.jetbrains.skiko.redrawer.WindowsOpenGLRedrawer$Companion$frameDispatcher$1::invokeSuspend@155 (line 112)
  0x000001d7c757ec80: 06e9 2de1 

  0x000001d7c757ec84: ;   {metadata({method} {0x000001d7e0b19408} 'iterator' '()Ljava/util/Iterator;' in 'kotlin/sequences/FilteringSequence')}
  0x000001d7c757ec84: ffff 49ba | 0094 b1e0 | d701 0000 | 4c89 5424 | 0848 c704 | 24ff ffff 

  0x000001d7c757ec9c: ;   {runtime_call counter_overflow Runtime1 stub}
  0x000001d7c757ec9c: ffe8 de1f 

  0x000001d7c757eca0: ; ImmutableOopMap {rbx=Oop [208]=Oop }
                      ;*synchronization entry
                      ; - kotlin.sequences.FilteringSequence::iterator@-1 (line 163)
                      ; - org.jetbrains.skiko.redrawer.WindowsOpenGLRedrawer$Companion$frameDispatcher$1::invokeSuspend@158 (line 112)
  0x000001d7c757eca0: e506 e963 | e1ff ff48 

  0x000001d7c757eca8: ;   {runtime_call fast_new_instance Runtime1 stub}
  0x000001d7c757eca8: 8bd2 e8d1 

  0x000001d7c757ecac: ; ImmutableOopMap {rbx=Oop [208]=Oop }
                      ;*new {reexecute=0 rethrow=0 return_oop=0}
                      ; - kotlin.sequences.FilteringSequence::iterator@0 (line 163)
                      ; - org.jetbrains.skiko.redrawer.WindowsOpenGLRedrawer$Companion$frameDispatcher$1::invokeSuspend@158 (line 112)
  0x000001d7c757ecac: d7e4 06e9 | aae1 ffff 

  0x000001d7c757ecb4: ;   {metadata({method} {0x000001d7e10476c8} '<init>' '(Lkotlin/sequences/FilteringSequence;)V' in 'kotlin/sequences/FilteringSequence$iterator$1')}
  0x000001d7c757ecb4: 49ba c076 | 04e1 d701 | 0000 4c89 | 5424 0848 | c704 24ff 

  0x000001d7c757ecc8: ;   {runtime_call counter_overflow Runtime1 stub}
  0x000001d7c757ecc8: ffff ffe8 

  0x000001d7c757eccc: ; ImmutableOopMap {rbx=Oop rax=Oop [208]=Oop [248]=Oop }
                      ;*synchronization entry
                      ; - kotlin.sequences.FilteringSequence$iterator$1::<init>@-1
                      ; - kotlin.sequences.FilteringSequence::iterator@5 (line 163)
                      ; - org.jetbrains.skiko.redrawer.WindowsOpenGLRedrawer$Companion$frameDispatcher$1::invokeSuspend@158 (line 112)
  0x000001d7c757eccc: b01f e506 | e9cd e1ff | ff8b 5018 | 48c1 e203 | 4883 fa00 | 0f84 c9e1 | ffff 4889 

  0x000001d7c757ece8: ;   {runtime_call g1_pre_barrier_slow}
  0x000001d7c757ece8: 1424 e891 | 25e5 06e9 | bbe1 ffff | 4883 fa00 | 0f84 e1e1 | ffff 4889 

  0x000001d7c757ed00: ;   {runtime_call g1_post_barrier_slow}
  0x000001d7c757ed00: 0424 e879 | 28e5 06e9 | d3e1 ffff 

  0x000001d7c757ed0c: ;   {metadata({method} {0x000001d7df000638} '<init>' '()V' in 'java/lang/Object')}
  0x000001d7c757ed0c: 49ba 3006 | 00df d701 | 0000 4c89 | 5424 0848 | c704 24ff 

  0x000001d7c757ed20: ;   {runtime_call counter_overflow Runtime1 stub}
  0x000001d7c757ed20: ffff ffe8 

  0x000001d7c757ed24: ; ImmutableOopMap {rbx=Oop rax=Oop [208]=Oop [248]=Oop }
                      ;*synchronization entry
                      ; - java.lang.Object::<init>@-1
                      ; - kotlin.sequences.FilteringSequence$iterator$1::<init>@6 (line 163)
                      ; - kotlin.sequences.FilteringSequence::iterator@5 (line 163)
                      ; - org.jetbrains.skiko.redrawer.WindowsOpenGLRedrawer$Companion$frameDispatcher$1::invokeSuspend@158 (line 112)
  0x000001d7c757ed24: 581f e506 | e9ee e1ff 

  0x000001d7c757ed2c: ;   {runtime_call throw_null_pointer_exception Runtime1 stub}
  0x000001d7c757ed2c: ffe8 4ece 

  0x000001d7c757ed30: ; ImmutableOopMap {rax=Oop rdx=Oop [208]=Oop [248]=Oop }
                      ;*invokeinterface iterator {reexecute=0 rethrow=0 return_oop=0}
                      ; - kotlin.sequences.FilteringSequence$iterator$1::<init>@14 (line 164)
                      ; - kotlin.sequences.FilteringSequence::iterator@5 (line 163)
                      ; - org.jetbrains.skiko.redrawer.WindowsOpenGLRedrawer$Companion$frameDispatcher$1::invokeSuspend@158 (line 112)
  0x000001d7c757ed30: e406 8b56 | 1048 c1e2 | 0348 83fa | 000f 84b6 | e2ff ff48 

  0x000001d7c757ed44: ;   {runtime_call g1_pre_barrier_slow}
  0x000001d7c757ed44: 8914 24e8 | 3425 e506 | e9a8 e2ff | ff48 83f8 | 000f 84bd | e2ff ff48 

  0x000001d7c757ed5c: ;   {runtime_call g1_post_barrier_slow}
  0x000001d7c757ed5c: 8934 24e8 | 1c28 e506 | e9af e2ff 

  0x000001d7c757ed68: ;   {metadata({method} {0x000001d7e1047da8} 'hasNext' '()Z' in 'kotlin/sequences/FilteringSequence$iterator$1')}
  0x000001d7c757ed68: ff49 baa0 | 7d04 e1d7 | 0100 004c | 8954 2408 | 48c7 0424 | ffff ffff 

  0x000001d7c757ed80: ;   {runtime_call counter_overflow Runtime1 stub}
  0x000001d7c757ed80: e8fb 1ee5 

  0x000001d7c757ed84: ; ImmutableOopMap {rsi=Oop [208]=Oop [248]=Oop }
                      ;*synchronization entry
                      ; - kotlin.sequences.FilteringSequence$iterator$1::hasNext@-1 (line 193)
                      ; - org.jetbrains.skiko.redrawer.WindowsOpenGLRedrawer$Companion$frameDispatcher$1::invokeSuspend@167 (line 112)
  0x000001d7c757ed84: 06e9 e3e2 | ffff 4889 

  0x000001d7c757ed8c: ;   {runtime_call throw_class_cast_exception Runtime1 stub}
  0x000001d7c757ed8c: 0424 e8ed 

  0x000001d7c757ed90: ; ImmutableOopMap {[208]=Oop [248]=Oop }
                      ;*checkcast {reexecute=0 rethrow=0 return_oop=0}
                      ; - org.jetbrains.skiko.redrawer.WindowsOpenGLRedrawer$Companion$frameDispatcher$1::invokeSuspend@182 (line 112)
                      ;   {metadata({method} {0x000001d7e0b13488} 'access$swapBuffers' '(Lorg/jetbrains/skiko/redrawer/WindowsOpenGLRedrawer;)V' in 'org/jetbrains/skiko/redrawer/WindowsOpenGLRedrawer')}
  0x000001d7c757ed90: f1e4 0649 | ba80 34b1 | e0d7 0100 | 004c 8954 | 2408 48c7 | 0424 ffff 

  0x000001d7c757eda8: ;   {runtime_call counter_overflow Runtime1 stub}
  0x000001d7c757eda8: ffff e8d1 

  0x000001d7c757edac: ; ImmutableOopMap {rdx=Oop [208]=Oop [248]=Oop }
                      ;*synchronization entry
                      ; - org.jetbrains.skiko.redrawer.WindowsOpenGLRedrawer::access$swapBuffers@-1
                      ; - org.jetbrains.skiko.redrawer.WindowsOpenGLRedrawer$Companion$frameDispatcher$1::invokeSuspend@189 (line 113)
  0x000001d7c757edac: 1ee5 06e9 | f3e4 ffff 

  0x000001d7c757edb4: ;   {runtime_call throw_null_pointer_exception Runtime1 stub}
  0x000001d7c757edb4: e8c7 cde4 

  0x000001d7c757edb8: ; ImmutableOopMap {rdx=Oop [208]=Oop [248]=Oop }
                      ;*invokespecial swapBuffers {reexecute=0 rethrow=0 return_oop=0}
                      ; - org.jetbrains.skiko.redrawer.WindowsOpenGLRedrawer::access$swapBuffers@1 (line 7)
                      ; - org.jetbrains.skiko.redrawer.WindowsOpenGLRedrawer$Companion$frameDispatcher$1::invokeSuspend@189 (line 113)
                      ;   {metadata({method} {0x000001d7e0b12f78} 'swapBuffers' '()V' in 'org/jetbrains/skiko/redrawer/WindowsOpenGLRedrawer')}
  0x000001d7c757edb8: 0649 ba70 | 2fb1 e0d7 | 0100 004c | 8954 2408 | 48c7 0424 | ffff ffff 

  0x000001d7c757edd0: ;   {runtime_call counter_overflow Runtime1 stub}
  0x000001d7c757edd0: e8ab 1ee5 

  0x000001d7c757edd4: ; ImmutableOopMap {rdx=Oop [208]=Oop [248]=Oop }
                      ;*synchronization entry
                      ; - org.jetbrains.skiko.redrawer.WindowsOpenGLRedrawer::swapBuffers@-1 (line 83)
                      ; - org.jetbrains.skiko.redrawer.WindowsOpenGLRedrawer::access$swapBuffers@1 (line 7)
                      ; - org.jetbrains.skiko.redrawer.WindowsOpenGLRedrawer$Companion$frameDispatcher$1::invokeSuspend@189 (line 113)
  0x000001d7c757edd4: 06e9 0ce5 

  0x000001d7c757edd8: ;   {metadata({method} {0x000001d7e0b28058} 'access$swapBuffers' '(J)V' in 'org/jetbrains/skiko/redrawer/WindowsOpenGLRedrawerKt')}
  0x000001d7c757edd8: ffff 49ba | 5080 b2e0 | d701 0000 | 4c89 5424 | 0848 c704 | 24ff ffff 

  0x000001d7c757edf0: ;   {runtime_call counter_overflow Runtime1 stub}
  0x000001d7c757edf0: ffe8 8a1e 

  0x000001d7c757edf4: ; ImmutableOopMap {[208]=Oop [248]=Oop }
                      ;*synchronization entry
                      ; - org.jetbrains.skiko.redrawer.WindowsOpenGLRedrawerKt::access$swapBuffers@-1
                      ; - org.jetbrains.skiko.redrawer.WindowsOpenGLRedrawer::swapBuffers@4 (line 83)
                      ; - org.jetbrains.skiko.redrawer.WindowsOpenGLRedrawer::access$swapBuffers@1 (line 7)
                      ; - org.jetbrains.skiko.redrawer.WindowsOpenGLRedrawer$Companion$frameDispatcher$1::invokeSuspend@189 (line 113)
  0x000001d7c757edf4: e506 e928 

  0x000001d7c757edf8: ;   {metadata({method} {0x000001d7e0b1bde8} 'invokeSuspend' '(Ljava/lang/Object;)Ljava/lang/Object;' in 'org/jetbrains/skiko/redrawer/WindowsOpenGLRedrawer$Companion$frameDispatcher$1')}
  0x000001d7c757edf8: e5ff ff49 | bae0 bdb1 | e0d7 0100 | 004c 8954 | 2408 48c7 | 0424 c000 

  0x000001d7c757ee10: ;   {runtime_call counter_overflow Runtime1 stub}
  0x000001d7c757ee10: 0000 e869 

  0x000001d7c757ee14: ; ImmutableOopMap {[208]=Oop [248]=Oop }
                      ;*goto {reexecute=1 rethrow=0 return_oop=0}
                      ; - (reexecute) org.jetbrains.skiko.redrawer.WindowsOpenGLRedrawer$Companion$frameDispatcher$1::invokeSuspend@192 (line 113)
  0x000001d7c757ee14: 1ee5 06e9 | 57e5 ffff 

  0x000001d7c757ee1c: ;   {metadata({method} {0x000001d7e0b13248} 'access$getToRedrawVisible$cp' '()Lkotlin/sequences/Sequence;' in 'org/jetbrains/skiko/redrawer/WindowsOpenGLRedrawer')}
  0x000001d7c757ee1c: 49ba 4032 | b1e0 d701 | 0000 4c89 | 5424 0848 | c704 24ff 

  0x000001d7c757ee30: ;   {runtime_call counter_overflow Runtime1 stub}
  0x000001d7c757ee30: ffff ffe8 

  0x000001d7c757ee34: ; ImmutableOopMap {[208]=Oop }
                      ;*synchronization entry
                      ; - org.jetbrains.skiko.redrawer.WindowsOpenGLRedrawer::access$getToRedrawVisible$cp@-1 (line 7)
                      ; - org.jetbrains.skiko.redrawer.WindowsOpenGLRedrawer$Companion$frameDispatcher$1::invokeSuspend@195 (line 116)
  0x000001d7c757ee34: 481e e506 | e996 e5ff 

  0x000001d7c757ee3c: ;   {metadata({method} {0x000001d7e0b19408} 'iterator' '()Ljava/util/Iterator;' in 'kotlin/sequences/FilteringSequence')}
  0x000001d7c757ee3c: ff49 ba00 | 94b1 e0d7 | 0100 004c | 8954 2408 | 48c7 0424 | ffff ffff 

  0x000001d7c757ee54: ;   {runtime_call counter_overflow Runtime1 stub}
  0x000001d7c757ee54: e827 1ee5 

  0x000001d7c757ee58: ; ImmutableOopMap {rbx=Oop [208]=Oop }
                      ;*synchronization entry
                      ; - kotlin.sequences.FilteringSequence::iterator@-1 (line 163)
                      ; - org.jetbrains.skiko.redrawer.WindowsOpenGLRedrawer$Companion$frameDispatcher$1::invokeSuspend@198 (line 116)
  0x000001d7c757ee58: 06e9 cce5 | ffff 488b 

  0x000001d7c757ee60: ;   {runtime_call fast_new_instance Runtime1 stub}
  0x000001d7c757ee60: d2e8 1ad6 

  0x000001d7c757ee64: ; ImmutableOopMap {rbx=Oop [208]=Oop }
                      ;*new {reexecute=0 rethrow=0 return_oop=0}
                      ; - kotlin.sequences.FilteringSequence::iterator@0 (line 163)
                      ; - org.jetbrains.skiko.redrawer.WindowsOpenGLRedrawer$Companion$frameDispatcher$1::invokeSuspend@198 (line 116)
  0x000001d7c757ee64: e406 e913 

  0x000001d7c757ee68: ;   {metadata({method} {0x000001d7e10476c8} '<init>' '(Lkotlin/sequences/FilteringSequence;)V' in 'kotlin/sequences/FilteringSequence$iterator$1')}
  0x000001d7c757ee68: e6ff ff49 | bac0 7604 | e1d7 0100 | 004c 8954 | 2408 48c7 | 0424 ffff 

  0x000001d7c757ee80: ;   {runtime_call counter_overflow Runtime1 stub}
  0x000001d7c757ee80: ffff e8f9 

  0x000001d7c757ee84: ; ImmutableOopMap {rbx=Oop rax=Oop [208]=Oop [256]=Oop }
                      ;*synchronization entry
                      ; - kotlin.sequences.FilteringSequence$iterator$1::<init>@-1
                      ; - kotlin.sequences.FilteringSequence::iterator@5 (line 163)
                      ; - org.jetbrains.skiko.redrawer.WindowsOpenGLRedrawer$Companion$frameDispatcher$1::invokeSuspend@198 (line 116)
  0x000001d7c757ee84: 1de5 06e9 | 36e6 ffff | 8b50 1848 | c1e2 0348 | 83fa 000f | 8432 e6ff | ff48 8914 

  0x000001d7c757eea0: ;   {runtime_call g1_pre_barrier_slow}
  0x000001d7c757eea0: 24e8 da23 | e506 e924 | e6ff ff48 | 83fa 000f | 844a e6ff | ff48 8904 

  0x000001d7c757eeb8: ;   {runtime_call g1_post_barrier_slow}
  0x000001d7c757eeb8: 24e8 c226 | e506 e93c 

  0x000001d7c757eec0: ;   {metadata({method} {0x000001d7df000638} '<init>' '()V' in 'java/lang/Object')}
  0x000001d7c757eec0: e6ff ff49 | ba30 0600 | dfd7 0100 | 004c 8954 | 2408 48c7 | 0424 ffff 

  0x000001d7c757eed8: ;   {runtime_call counter_overflow Runtime1 stub}
  0x000001d7c757eed8: ffff e8a1 

  0x000001d7c757eedc: ; ImmutableOopMap {rbx=Oop rax=Oop [208]=Oop [256]=Oop }
                      ;*synchronization entry
                      ; - java.lang.Object::<init>@-1
                      ; - kotlin.sequences.FilteringSequence$iterator$1::<init>@6 (line 163)
                      ; - kotlin.sequences.FilteringSequence::iterator@5 (line 163)
                      ; - org.jetbrains.skiko.redrawer.WindowsOpenGLRedrawer$Companion$frameDispatcher$1::invokeSuspend@198 (line 116)
  0x000001d7c757eedc: 1de5 06e9 | 57e6 ffff 

  0x000001d7c757eee4: ;   {runtime_call throw_null_pointer_exception Runtime1 stub}
  0x000001d7c757eee4: e897 cce4 

  0x000001d7c757eee8: ; ImmutableOopMap {rax=Oop rdx=Oop [208]=Oop [256]=Oop }
                      ;*invokeinterface iterator {reexecute=0 rethrow=0 return_oop=0}
                      ; - kotlin.sequences.FilteringSequence$iterator$1::<init>@14 (line 164)
                      ; - kotlin.sequences.FilteringSequence::iterator@5 (line 163)
                      ; - org.jetbrains.skiko.redrawer.WindowsOpenGLRedrawer$Companion$frameDispatcher$1::invokeSuspend@198 (line 116)
  0x000001d7c757eee8: 068b 5610 | 48c1 e203 | 4883 fa00 | 0f84 1fe7 | ffff 4889 

  0x000001d7c757eefc: ;   {runtime_call g1_pre_barrier_slow}
  0x000001d7c757eefc: 1424 e87d | 23e5 06e9 | 11e7 ffff | 4883 f800 | 0f84 26e7 | ffff 4889 

  0x000001d7c757ef14: ;   {runtime_call g1_post_barrier_slow}
  0x000001d7c757ef14: 3424 e865 | 26e5 06e9 | 18e7 ffff 

  0x000001d7c757ef20: ;   {metadata({method} {0x000001d7e1047da8} 'hasNext' '()Z' in 'kotlin/sequences/FilteringSequence$iterator$1')}
  0x000001d7c757ef20: 49ba a07d | 04e1 d701 | 0000 4c89 | 5424 0848 | c704 24ff 

  0x000001d7c757ef34: ;   {runtime_call counter_overflow Runtime1 stub}
  0x000001d7c757ef34: ffff ffe8 

  0x000001d7c757ef38: ; ImmutableOopMap {rsi=Oop [208]=Oop [256]=Oop }
                      ;*synchronization entry
                      ; - kotlin.sequences.FilteringSequence$iterator$1::hasNext@-1 (line 193)
                      ; - org.jetbrains.skiko.redrawer.WindowsOpenGLRedrawer$Companion$frameDispatcher$1::invokeSuspend@207 (line 116)
  0x000001d7c757ef38: 441d e506 | e94c e7ff | ff48 8904 

  0x000001d7c757ef44: ;   {runtime_call throw_class_cast_exception Runtime1 stub}
  0x000001d7c757ef44: 24e8 36f0 

  0x000001d7c757ef48: ; ImmutableOopMap {[208]=Oop [256]=Oop }
                      ;*checkcast {reexecute=0 rethrow=0 return_oop=0}
                      ; - org.jetbrains.skiko.redrawer.WindowsOpenGLRedrawer$Companion$frameDispatcher$1::invokeSuspend@222 (line 116)
                      ;   {metadata({method} {0x000001d7e0b13308} 'access$makeCurrent' '(Lorg/jetbrains/skiko/redrawer/WindowsOpenGLRedrawer;)V' in 'org/jetbrains/skiko/redrawer/WindowsOpenGLRedrawer')}
  0x000001d7c757ef48: e406 49ba | 0033 b1e0 | d701 0000 | 4c89 5424 | 0848 c704 | 24ff ffff 

  0x000001d7c757ef60: ;   {runtime_call counter_overflow Runtime1 stub}
  0x000001d7c757ef60: ffe8 1a1d 

  0x000001d7c757ef64: ; ImmutableOopMap {rdx=Oop [208]=Oop [256]=Oop }
                      ;*synchronization entry
                      ; - org.jetbrains.skiko.redrawer.WindowsOpenGLRedrawer::access$makeCurrent@-1
                      ; - org.jetbrains.skiko.redrawer.WindowsOpenGLRedrawer$Companion$frameDispatcher$1::invokeSuspend@229 (line 117)
  0x000001d7c757ef64: e506 e95f 

  0x000001d7c757ef68: ;   {runtime_call throw_null_pointer_exception Runtime1 stub}
  0x000001d7c757ef68: e9ff ffe8 

  0x000001d7c757ef6c: ; ImmutableOopMap {rdx=Oop [208]=Oop [256]=Oop }
                      ;*invokespecial makeCurrent {reexecute=0 rethrow=0 return_oop=0}
                      ; - org.jetbrains.skiko.redrawer.WindowsOpenGLRedrawer::access$makeCurrent@1 (line 7)
                      ; - org.jetbrains.skiko.redrawer.WindowsOpenGLRedrawer$Companion$frameDispatcher$1::invokeSuspend@229 (line 117)
  0x000001d7c757ef6c: 10cc e406 

  0x000001d7c757ef70: ;   {metadata({method} {0x000001d7e0b12eb0} 'makeCurrent' '()V' in 'org/jetbrains/skiko/redrawer/WindowsOpenGLRedrawer')}
  0x000001d7c757ef70: 49ba a82e | b1e0 d701 | 0000 4c89 | 5424 0848 | c704 24ff 

  0x000001d7c757ef84: ;   {runtime_call counter_overflow Runtime1 stub}
  0x000001d7c757ef84: ffff ffe8 

  0x000001d7c757ef88: ; ImmutableOopMap {rdx=Oop [208]=Oop [256]=Oop }
                      ;*synchronization entry
                      ; - org.jetbrains.skiko.redrawer.WindowsOpenGLRedrawer::makeCurrent@-1 (line 82)
                      ; - org.jetbrains.skiko.redrawer.WindowsOpenGLRedrawer::access$makeCurrent@1 (line 7)
                      ; - org.jetbrains.skiko.redrawer.WindowsOpenGLRedrawer$Companion$frameDispatcher$1::invokeSuspend@229 (line 117)
  0x000001d7c757ef88: f41c e506 | e97a e9ff 

  0x000001d7c757ef90: ;   {metadata({method} {0x000001d7e0b27f88} 'access$makeCurrent' '(JJ)V' in 'org/jetbrains/skiko/redrawer/WindowsOpenGLRedrawerKt')}
  0x000001d7c757ef90: ff49 ba80 | 7fb2 e0d7 | 0100 004c | 8954 2408 | 48c7 0424 | ffff ffff 

  0x000001d7c757efa8: ;   {runtime_call counter_overflow Runtime1 stub}
  0x000001d7c757efa8: e8d3 1ce5 

  0x000001d7c757efac: ; ImmutableOopMap {[208]=Oop [256]=Oop }
                      ;*synchronization entry
                      ; - org.jetbrains.skiko.redrawer.WindowsOpenGLRedrawerKt::access$makeCurrent@-1
                      ; - org.jetbrains.skiko.redrawer.WindowsOpenGLRedrawer::makeCurrent@8 (line 82)
                      ; - org.jetbrains.skiko.redrawer.WindowsOpenGLRedrawer::access$makeCurrent@1 (line 7)
                      ; - org.jetbrains.skiko.redrawer.WindowsOpenGLRedrawer$Companion$frameDispatcher$1::invokeSuspend@229 (line 117)
  0x000001d7c757efac: 06e9 9ae9 

  0x000001d7c757efb0: ;   {metadata({method} {0x000001d7e0b29f90} 'getInstance' '()Lorg/jetbrains/skiko/OpenGLApi;' in 'org/jetbrains/skiko/OpenGLApi$Companion')}
  0x000001d7c757efb0: ffff 49ba | 889f b2e0 | d701 0000 | 4c89 5424 | 0848 c704 | 24ff ffff 

  0x000001d7c757efc8: ;   {runtime_call counter_overflow Runtime1 stub}
  0x000001d7c757efc8: ffe8 b21c 

  0x000001d7c757efcc: ; ImmutableOopMap {[208]=Oop [256]=Oop }
                      ;*synchronization entry
                      ; - org.jetbrains.skiko.OpenGLApi$Companion::getInstance@-1 (line 24)
                      ; - org.jetbrains.skiko.redrawer.WindowsOpenGLRedrawer$Companion$frameDispatcher$1::invokeSuspend@235 (line 118)
  0x000001d7c757efcc: e506 e9e4 

  0x000001d7c757efd0: ;   {metadata({method} {0x000001d7e0b29858} 'access$getInstance$cp' '()Lorg/jetbrains/skiko/OpenGLApi;' in 'org/jetbrains/skiko/OpenGLApi')}
  0x000001d7c757efd0: e9ff ff49 | ba50 98b2 | e0d7 0100 | 004c 8954 | 2408 48c7 | 0424 ffff 

  0x000001d7c757efe8: ;   {runtime_call counter_overflow Runtime1 stub}
  0x000001d7c757efe8: ffff e891 

  0x000001d7c757efec: ; ImmutableOopMap {[208]=Oop [256]=Oop }
                      ;*synchronization entry
                      ; - org.jetbrains.skiko.OpenGLApi::access$getInstance$cp@-1 (line 8)
                      ; - org.jetbrains.skiko.OpenGLApi$Companion::getInstance@0 (line 24)
                      ; - org.jetbrains.skiko.redrawer.WindowsOpenGLRedrawer$Companion$frameDispatcher$1::invokeSuspend@235 (line 118)
  0x000001d7c757efec: 1ce5 06e9 | fce9 ffff 

  0x000001d7c757eff4: ;   {metadata({method} {0x000001d7e0b1bde8} 'invokeSuspend' '(Ljava/lang/Object;)Ljava/lang/Object;' in 'org/jetbrains/skiko/redrawer/WindowsOpenGLRedrawer$Companion$frameDispatcher$1')}
  0x000001d7c757eff4: 49ba e0bd | b1e0 d701 | 0000 4c89 | 5424 0848 | c704 24f1 

  0x000001d7c757f008: ;   {runtime_call counter_overflow Runtime1 stub}
  0x000001d7c757f008: 0000 00e8 

  0x000001d7c757f00c: ; ImmutableOopMap {[208]=Oop [256]=Oop }
                      ;*goto {reexecute=1 rethrow=0 return_oop=0}
                      ; - (reexecute) org.jetbrains.skiko.redrawer.WindowsOpenGLRedrawer$Companion$frameDispatcher$1::invokeSuspend@241 (line 118)
  0x000001d7c757f00c: 701c e506 | e92e eaff 

  0x000001d7c757f014: ;   {metadata({method} {0x000001d7e0b13248} 'access$getToRedrawVisible$cp' '()Lkotlin/sequences/Sequence;' in 'org/jetbrains/skiko/redrawer/WindowsOpenGLRedrawer')}
  0x000001d7c757f014: ff49 ba40 | 32b1 e0d7 | 0100 004c | 8954 2408 | 48c7 0424 | ffff ffff 

  0x000001d7c757f02c: ;   {runtime_call counter_overflow Runtime1 stub}
  0x000001d7c757f02c: e84f 1ce5 

  0x000001d7c757f030: ; ImmutableOopMap {[208]=Oop }
                      ;*synchronization entry
                      ; - org.jetbrains.skiko.redrawer.WindowsOpenGLRedrawer::access$getToRedrawVisible$cp@-1 (line 7)
                      ; - org.jetbrains.skiko.redrawer.WindowsOpenGLRedrawer$Companion$frameDispatcher$1::invokeSuspend@244 (line 121)
  0x000001d7c757f030: 06e9 6dea 

  0x000001d7c757f034: ;   {metadata({method} {0x000001d7e0b19408} 'iterator' '()Ljava/util/Iterator;' in 'kotlin/sequences/FilteringSequence')}
  0x000001d7c757f034: ffff 49ba | 0094 b1e0 | d701 0000 | 4c89 5424 | 0848 c704 | 24ff ffff 

  0x000001d7c757f04c: ;   {runtime_call counter_overflow Runtime1 stub}
  0x000001d7c757f04c: ffe8 2e1c 

  0x000001d7c757f050: ; ImmutableOopMap {rbx=Oop [208]=Oop }
                      ;*synchronization entry
                      ; - kotlin.sequences.FilteringSequence::iterator@-1 (line 163)
                      ; - org.jetbrains.skiko.redrawer.WindowsOpenGLRedrawer$Companion$frameDispatcher$1::invokeSuspend@254 (line 146)
  0x000001d7c757f050: e506 e9a3 | eaff ff48 

  0x000001d7c757f058: ;   {runtime_call fast_new_instance Runtime1 stub}
  0x000001d7c757f058: 8bd2 e821 

  0x000001d7c757f05c: ; ImmutableOopMap {rbx=Oop [208]=Oop }
                      ;*new {reexecute=0 rethrow=0 return_oop=0}
                      ; - kotlin.sequences.FilteringSequence::iterator@0 (line 163)
                      ; - org.jetbrains.skiko.redrawer.WindowsOpenGLRedrawer$Companion$frameDispatcher$1::invokeSuspend@254 (line 146)
  0x000001d7c757f05c: d4e4 06e9 | eaea ffff 

  0x000001d7c757f064: ;   {metadata({method} {0x000001d7e10476c8} '<init>' '(Lkotlin/sequences/FilteringSequence;)V' in 'kotlin/sequences/FilteringSequence$iterator$1')}
  0x000001d7c757f064: 49ba c076 | 04e1 d701 | 0000 4c89 | 5424 0848 | c704 24ff 

  0x000001d7c757f078: ;   {runtime_call counter_overflow Runtime1 stub}
  0x000001d7c757f078: ffff ffe8 

  0x000001d7c757f07c: ; ImmutableOopMap {rbx=Oop rax=Oop [208]=Oop [264]=Oop }
                      ;*synchronization entry
                      ; - kotlin.sequences.FilteringSequence$iterator$1::<init>@-1
                      ; - kotlin.sequences.FilteringSequence::iterator@5 (line 163)
                      ; - org.jetbrains.skiko.redrawer.WindowsOpenGLRedrawer$Companion$frameDispatcher$1::invokeSuspend@254 (line 146)
  0x000001d7c757f07c: 001c e506 | e90d ebff | ff8b 5018 | 48c1 e203 | 4883 fa00 | 0f84 09eb | ffff 4889 

  0x000001d7c757f098: ;   {runtime_call g1_pre_barrier_slow}
  0x000001d7c757f098: 1424 e8e1 | 21e5 06e9 | fbea ffff | 4883 fa00 | 0f84 21eb | ffff 4889 

  0x000001d7c757f0b0: ;   {runtime_call g1_post_barrier_slow}
  0x000001d7c757f0b0: 0424 e8c9 | 24e5 06e9 | 13eb ffff 

  0x000001d7c757f0bc: ;   {metadata({method} {0x000001d7df000638} '<init>' '()V' in 'java/lang/Object')}
  0x000001d7c757f0bc: 49ba 3006 | 00df d701 | 0000 4c89 | 5424 0848 | c704 24ff 

  0x000001d7c757f0d0: ;   {runtime_call counter_overflow Runtime1 stub}
  0x000001d7c757f0d0: ffff ffe8 

  0x000001d7c757f0d4: ; ImmutableOopMap {rbx=Oop rax=Oop [208]=Oop [264]=Oop }
                      ;*synchronization entry
                      ; - java.lang.Object::<init>@-1
                      ; - kotlin.sequences.FilteringSequence$iterator$1::<init>@6 (line 163)
                      ; - kotlin.sequences.FilteringSequence::iterator@5 (line 163)
                      ; - org.jetbrains.skiko.redrawer.WindowsOpenGLRedrawer$Companion$frameDispatcher$1::invokeSuspend@254 (line 146)
  0x000001d7c757f0d4: a81b e506 | e92e ebff 

  0x000001d7c757f0dc: ;   {runtime_call throw_null_pointer_exception Runtime1 stub}
  0x000001d7c757f0dc: ffe8 9eca 

  0x000001d7c757f0e0: ; ImmutableOopMap {rax=Oop rdx=Oop [208]=Oop [264]=Oop }
                      ;*invokeinterface iterator {reexecute=0 rethrow=0 return_oop=0}
                      ; - kotlin.sequences.FilteringSequence$iterator$1::<init>@14 (line 164)
                      ; - kotlin.sequences.FilteringSequence::iterator@5 (line 163)
                      ; - org.jetbrains.skiko.redrawer.WindowsOpenGLRedrawer$Companion$frameDispatcher$1::invokeSuspend@254 (line 146)
  0x000001d7c757f0e0: e406 8b56 | 1048 c1e2 | 0348 83fa | 000f 84f6 | ebff ff48 

  0x000001d7c757f0f4: ;   {runtime_call g1_pre_barrier_slow}
  0x000001d7c757f0f4: 8914 24e8 | 8421 e506 | e9e8 ebff | ff48 83f8 | 000f 84fd | ebff ff48 

  0x000001d7c757f10c: ;   {runtime_call g1_post_barrier_slow}
  0x000001d7c757f10c: 8934 24e8 | 6c24 e506 | e9ef ebff 

  0x000001d7c757f118: ;   {metadata({method} {0x000001d7e1047da8} 'hasNext' '()Z' in 'kotlin/sequences/FilteringSequence$iterator$1')}
  0x000001d7c757f118: ff49 baa0 | 7d04 e1d7 | 0100 004c | 8954 2408 | 48c7 0424 | ffff ffff 

  0x000001d7c757f130: ;   {runtime_call counter_overflow Runtime1 stub}
  0x000001d7c757f130: e84b 1be5 

  0x000001d7c757f134: ; ImmutableOopMap {rsi=Oop [208]=Oop [264]=Oop }
                      ;*synchronization entry
                      ; - kotlin.sequences.FilteringSequence$iterator$1::hasNext@-1 (line 193)
                      ; - org.jetbrains.skiko.redrawer.WindowsOpenGLRedrawer$Companion$frameDispatcher$1::invokeSuspend@263 (line 146)
  0x000001d7c757f134: 06e9 23ec | ffff 4889 

  0x000001d7c757f13c: ;   {runtime_call throw_class_cast_exception Runtime1 stub}
  0x000001d7c757f13c: 0424 e83d 

  0x000001d7c757f140: ; ImmutableOopMap {[208]=Oop [264]=Oop }
                      ;*checkcast {reexecute=0 rethrow=0 return_oop=0}
                      ; - org.jetbrains.skiko.redrawer.WindowsOpenGLRedrawer$Companion$frameDispatcher$1::invokeSuspend@282 (line 146)
                      ;   {runtime_call throw_null_pointer_exception Runtime1 stub}
  0x000001d7c757f140: eee4 06e8 

  0x000001d7c757f144: ; ImmutableOopMap {[208]=Oop [264]=Oop }
                      ;*getfield properties {reexecute=1 rethrow=0 return_oop=0}
                      ; - (reexecute) org.jetbrains.skiko.redrawer.WindowsOpenGLRedrawer::access$getProperties$p@1 (line 7)
                      ; - org.jetbrains.skiko.redrawer.WindowsOpenGLRedrawer$Companion$frameDispatcher$1::invokeSuspend@292 (line 121)
  0x000001d7c757f144: 38ca e406 

  0x000001d7c757f148: ;   {runtime_call throw_null_pointer_exception Runtime1 stub}
  0x000001d7c757f148: e833 cae4 

  0x000001d7c757f14c: ; ImmutableOopMap {rdx=Oop [208]=Oop [264]=Oop }
                      ;*invokevirtual isVsyncEnabled {reexecute=0 rethrow=0 return_oop=0}
                      ; - org.jetbrains.skiko.redrawer.WindowsOpenGLRedrawer$Companion$frameDispatcher$1::invokeSuspend@295 (line 121)
                      ;   {metadata({method} {0x000001d7e0b1bde8} 'invokeSuspend' '(Ljava/lang/Object;)Ljava/lang/Object;' in 'org/jetbrains/skiko/redrawer/WindowsOpenGLRedrawer$Companion$frameDispatcher$1')}
  0x000001d7c757f14c: 0649 bae0 | bdb1 e0d7 | 0100 004c | 8954 2408 | 48c7 0424 | 2a01 0000 

  0x000001d7c757f164: ;   {runtime_call counter_overflow Runtime1 stub}
  0x000001d7c757f164: e817 1be5 

  0x000001d7c757f168: ; ImmutableOopMap {[208]=Oop [264]=Oop }
                      ;*ifne {reexecute=1 rethrow=0 return_oop=0}
                      ; - (reexecute) org.jetbrains.skiko.redrawer.WindowsOpenGLRedrawer$Companion$frameDispatcher$1::invokeSuspend@298 (line 146)
  0x000001d7c757f168: 06e9 64ee 

  0x000001d7c757f16c: ;   {metadata({method} {0x000001d7e10482d8} 'getDispatcherToBlockOn' '()Lkotlinx/coroutines/ExecutorCoroutineDispatcher;' in 'org/jetbrains/skiko/redrawer/DispatcherToBlockOnKt')}
  0x000001d7c757f16c: ffff 49ba | d082 04e1 | d701 0000 | 4c89 5424 | 0848 c704 | 24ff ffff 

  0x000001d7c757f184: ;   {runtime_call counter_overflow Runtime1 stub}
  0x000001d7c757f184: ffe8 f61a 

  0x000001d7c757f188: ; ImmutableOopMap {[208]=Oop }
                      ;*synchronization entry
                      ; - org.jetbrains.skiko.redrawer.DispatcherToBlockOnKt::getDispatcherToBlockOn@-1 (line 14)
                      ; - org.jetbrains.skiko.redrawer.WindowsOpenGLRedrawer$Companion$frameDispatcher$1::invokeSuspend@313 (line 123)
  0x000001d7c757f188: e506 e90e | efff ff48 

  0x000001d7c757f190: ;   {runtime_call fast_new_instance Runtime1 stub}
  0x000001d7c757f190: 8bd2 e8e9 

  0x000001d7c757f194: ; ImmutableOopMap {[208]=Oop }
                      ;*new {reexecute=0 rethrow=0 return_oop=0}
                      ; - org.jetbrains.skiko.redrawer.WindowsOpenGLRedrawer$Companion$frameDispatcher$1::invokeSuspend@319 (line 123)
  0x000001d7c757f194: d2e4 06e9 | 55ef ffff 

  0x000001d7c757f19c: ;   {metadata({method} {0x000001d7e104a650} '<init>' '(Lkotlin/coroutines/Continuation;)V' in 'org/jetbrains/skiko/redrawer/WindowsOpenGLRedrawer$Companion$frameDispatcher$1$1')}
  0x000001d7c757f19c: 49ba 48a6 | 04e1 d701 | 0000 4c89 | 5424 0848 | c704 24ff 

  0x000001d7c757f1b0: ;   {runtime_call counter_overflow Runtime1 stub}
  0x000001d7c757f1b0: ffff ffe8 

  0x000001d7c757f1b4: ; ImmutableOopMap {rax=Oop [208]=Oop }
                      ;*synchronization entry
                      ; - org.jetbrains.skiko.redrawer.WindowsOpenGLRedrawer$Companion$frameDispatcher$1$1::<init>@-1
                      ; - org.jetbrains.skiko.redrawer.WindowsOpenGLRedrawer$Companion$frameDispatcher$1::invokeSuspend@324 (line 123)
  0x000001d7c757f1b4: c81a e506 | e975 efff 

  0x000001d7c757f1bc: ;   {metadata({method} {0x000001d7dfb50550} '<init>' '(ILkotlin/coroutines/Continuation;)V' in 'kotlin/coroutines/jvm/internal/SuspendLambda')}
  0x000001d7c757f1bc: ff49 ba48 | 05b5 dfd7 | 0100 004c | 8954 2408 | 48c7 0424 | ffff ffff 

  0x000001d7c757f1d4: ;   {runtime_call counter_overflow Runtime1 stub}
  0x000001d7c757f1d4: e8a7 1ae5 

  0x000001d7c757f1d8: ; ImmutableOopMap {rax=Oop [208]=Oop }
                      ;*synchronization entry
                      ; - kotlin.coroutines.jvm.internal.SuspendLambda::<init>@-1 (line 159)
                      ; - org.jetbrains.skiko.redrawer.WindowsOpenGLRedrawer$Companion$frameDispatcher$1$1::<init>@3
                      ; - org.jetbrains.skiko.redrawer.WindowsOpenGLRedrawer$Companion$frameDispatcher$1::invokeSuspend@324 (line 123)
  0x000001d7c757f1d8: 06e9 95ef 

  0x000001d7c757f1dc: ;   {metadata({method} {0x000001d7dfb50ee8} '<init>' '(Lkotlin/coroutines/Continuation;)V' in 'kotlin/coroutines/jvm/internal/ContinuationImpl')}
  0x000001d7c757f1dc: ffff 49ba | e00e b5df | d701 0000 | 4c89 5424 | 0848 c704 | 24ff ffff 

  0x000001d7c757f1f4: ;   {runtime_call counter_overflow Runtime1 stub}
  0x000001d7c757f1f4: ffe8 861a 

  0x000001d7c757f1f8: ; ImmutableOopMap {rax=Oop [208]=Oop }
                      ;*synchronization entry
                      ; - kotlin.coroutines.jvm.internal.ContinuationImpl::<init>@-1 (line 102)
                      ; - kotlin.coroutines.jvm.internal.SuspendLambda::<init>@2 (line 159)
                      ; - org.jetbrains.skiko.redrawer.WindowsOpenGLRedrawer$Companion$frameDispatcher$1$1::<init>@3
                      ; - org.jetbrains.skiko.redrawer.WindowsOpenGLRedrawer$Companion$frameDispatcher$1::invokeSuspend@324 (line 123)
  0x000001d7c757f1f8: e506 e9b5 

  0x000001d7c757f1fc: ;   {metadata({method} {0x000001d7dfb50e08} '<init>' '(Lkotlin/coroutines/Continuation;Lkotlin/coroutines/CoroutineContext;)V' in 'kotlin/coroutines/jvm/internal/ContinuationImpl')}
  0x000001d7c757f1fc: efff ff49 | ba00 0eb5 | dfd7 0100 | 004c 8954 | 2408 48c7 | 0424 ffff 

  0x000001d7c757f214: ;   {runtime_call counter_overflow Runtime1 stub}
  0x000001d7c757f214: ffff e865 

  0x000001d7c757f218: ; ImmutableOopMap {rax=Oop [208]=Oop }
                      ;*synchronization entry
                      ; - kotlin.coroutines.jvm.internal.ContinuationImpl::<init>@-1 (line 101)
                      ; - kotlin.coroutines.jvm.internal.ContinuationImpl::<init>@17 (line 102)
                      ; - kotlin.coroutines.jvm.internal.SuspendLambda::<init>@2 (line 159)
                      ; - org.jetbrains.skiko.redrawer.WindowsOpenGLRedrawer$Companion$frameDispatcher$1$1::<init>@3
                      ; - org.jetbrains.skiko.redrawer.WindowsOpenGLRedrawer$Companion$frameDispatcher$1::invokeSuspend@324 (line 123)
  0x000001d7c757f218: 1ae5 06e9 | e5ef ffff 

  0x000001d7c757f220: ;   {metadata({method} {0x000001d7dfb51ef8} '<init>' '(Lkotlin/coroutines/Continuation;)V' in 'kotlin/coroutines/jvm/internal/BaseContinuationImpl')}
  0x000001d7c757f220: 49ba f01e | b5df d701 | 0000 4c89 | 5424 0848 | c704 24ff 

  0x000001d7c757f234: ;   {runtime_call counter_overflow Runtime1 stub}
  0x000001d7c757f234: ffff ffe8 

  0x000001d7c757f238: ; ImmutableOopMap {rax=Oop [208]=Oop }
                      ;*synchronization entry
                      ; - kotlin.coroutines.jvm.internal.BaseContinuationImpl::<init>@-1 (line 15)
                      ; - kotlin.coroutines.jvm.internal.ContinuationImpl::<init>@2 (line 101)
                      ; - kotlin.coroutines.jvm.internal.ContinuationImpl::<init>@17 (line 102)
                      ; - kotlin.coroutines.jvm.internal.SuspendLambda::<init>@2 (line 159)
                      ; - org.jetbrains.skiko.redrawer.WindowsOpenGLRedrawer$Companion$frameDispatcher$1$1::<init>@3
                      ; - org.jetbrains.skiko.redrawer.WindowsOpenGLRedrawer$Companion$frameDispatcher$1::invokeSuspend@324 (line 123)
  0x000001d7c757f238: 441a e506 | e905 f0ff 

  0x000001d7c757f240: ;   {metadata({method} {0x000001d7df000638} '<init>' '()V' in 'java/lang/Object')}
  0x000001d7c757f240: ff49 ba30 | 0600 dfd7 | 0100 004c | 8954 2408 | 48c7 0424 | ffff ffff 

  0x000001d7c757f258: ;   {runtime_call counter_overflow Runtime1 stub}
  0x000001d7c757f258: e823 1ae5 

  0x000001d7c757f25c: ; ImmutableOopMap {rax=Oop [208]=Oop }
                      ;*synchronization entry
                      ; - java.lang.Object::<init>@-1
                      ; - kotlin.coroutines.jvm.internal.BaseContinuationImpl::<init>@1 (line 15)
                      ; - kotlin.coroutines.jvm.internal.ContinuationImpl::<init>@2 (line 101)
                      ; - kotlin.coroutines.jvm.internal.ContinuationImpl::<init>@17 (line 102)
                      ; - kotlin.coroutines.jvm.internal.SuspendLambda::<init>@2 (line 159)
                      ; - org.jetbrains.skiko.redrawer.WindowsOpenGLRedrawer$Companion$frameDispatcher$1$1::<init>@3
                      ; - org.jetbrains.skiko.redrawer.WindowsOpenGLRedrawer$Companion$frameDispatcher$1::invokeSuspend@324 (line 123)
  0x000001d7c757f25c: 06e9 25f0 | ffff 8b50 | 0c48 c1e2 | 0348 83fa | 000f 8421 | f0ff ff48 

  0x000001d7c757f274: ;   {runtime_call g1_pre_barrier_slow}
  0x000001d7c757f274: 8914 24e8 | 0420 e506 | e913 f0ff | ff8b 5010 | 48c1 e203 | 4883 fa00 | 0f84 16f0 | ffff 4889 
  0x000001d7c757f294: ;   {runtime_call g1_pre_barrier_slow}
  0x000001d7c757f294: 1424 e8e5 | 1fe5 06e9 | 08f0 ffff 

  0x000001d7c757f2a0: ;   {metadata({method} {0x000001d7dfcf2358} 'withContext' '(Lkotlin/coroutines/CoroutineContext;Lkotlin/jvm/functions/Function2;Lkotlin/coroutines/Continuation;)Ljava/lang/Object;' in 'kotlinx/coroutines/BuildersKt')}
  0x000001d7c757f2a0: 49ba 5023 | cfdf d701 | 0000 4c89 | 5424 0848 | c704 24ff 

  0x000001d7c757f2b4: ;   {runtime_call counter_overflow Runtime1 stub}
  0x000001d7c757f2b4: ffff ffe8 

  0x000001d7c757f2b8: ; ImmutableOopMap {rax=Oop rsi=Oop }
                      ;*synchronization entry
                      ; - kotlinx.coroutines.BuildersKt::withContext@-1 (line 1)
                      ; - org.jetbrains.skiko.redrawer.WindowsOpenGLRedrawer$Companion$frameDispatcher$1::invokeSuspend@339 (line 123)
  0x000001d7c757f2b8: c419 e506 | e942 f0ff 

  0x000001d7c757f2c0: ;   {metadata({method} {0x000001d7e0b130e8} 'access$getToRedrawCopy$cp' '()Ljava/util/Set;' in 'org/jetbrains/skiko/redrawer/WindowsOpenGLRedrawer')}
  0x000001d7c757f2c0: ff49 bae0 | 30b1 e0d7 | 0100 004c | 8954 2408 | 48c7 0424 | ffff ffff 

  0x000001d7c757f2d8: ;   {runtime_call counter_overflow Runtime1 stub}
  0x000001d7c757f2d8: e8a3 19e5 

  0x000001d7c757f2dc: ; ImmutableOopMap {}
                      ;*synchronization entry
                      ; - org.jetbrains.skiko.redrawer.WindowsOpenGLRedrawer::access$getToRedrawCopy$cp@-1 (line 7)
                      ; - org.jetbrains.skiko.redrawer.WindowsOpenGLRedrawer$Companion$frameDispatcher$1::invokeSuspend@357 (line 129)
  0x000001d7c757f2dc: 06e9 c7f0 

  0x000001d7c757f2e0: ;   {metadata({method} {0x000001d7df2e55c0} 'clear' '()V' in 'java/util/HashSet')}
  0x000001d7c757f2e0: ffff 49ba | b855 2edf | d701 0000 | 4c89 5424 | 0848 c704 | 24ff ffff 

  0x000001d7c757f2f8: ;   {runtime_call counter_overflow Runtime1 stub}
  0x000001d7c757f2f8: ffe8 8219 

  0x000001d7c757f2fc: ; ImmutableOopMap {rdx=Oop }
                      ;*synchronization entry
                      ; - java.util.HashSet::clear@-1
                      ; - org.jetbrains.skiko.redrawer.WindowsOpenGLRedrawer$Companion$frameDispatcher$1::invokeSuspend@360 (line 129)
  0x000001d7c757f2fc: e506 e96a 

  0x000001d7c757f300: ;   {runtime_call throw_null_pointer_exception Runtime1 stub}
  0x000001d7c757f300: f1ff ffe8 

  0x000001d7c757f304: ; ImmutableOopMap {}
                      ;*getfield map {reexecute=1 rethrow=0 return_oop=0}
                      ; - (reexecute) java.util.HashSet::clear@1
                      ; - org.jetbrains.skiko.redrawer.WindowsOpenGLRedrawer$Companion$frameDispatcher$1::invokeSuspend@360 (line 129)
  0x000001d7c757f304: 78c8 e406 

  0x000001d7c757f308: ;   {runtime_call throw_null_pointer_exception Runtime1 stub}
  0x000001d7c757f308: e873 c8e4 

  0x000001d7c757f30c: ; ImmutableOopMap {rdx=Oop }
                      ;*invokevirtual clear {reexecute=0 rethrow=0 return_oop=0}
                      ; - java.util.HashSet::clear@4
                      ; - org.jetbrains.skiko.redrawer.WindowsOpenGLRedrawer$Companion$frameDispatcher$1::invokeSuspend@360 (line 129)
                      ;   {internal_word}
  0x000001d7c757f30c: 0649 ba36 | e557 c7d7 | 0100 004d | 8997 6004 

  0x000001d7c757f31c: ;   {runtime_call SafepointBlob}
  0x000001d7c757f31c: 0000 e9dd 

  0x000001d7c757f320: ;   {internal_word}
  0x000001d7c757f320: 63d9 0649 | ba56 e557 | c7d7 0100 | 004d 8997 | 6004 0000 

  0x000001d7c757f334: ;   {runtime_call SafepointBlob}
  0x000001d7c757f334: e9c7 63d9 | 064c 8904 

  0x000001d7c757f33c: ;   {runtime_call throw_class_cast_exception Runtime1 stub}
  0x000001d7c757f33c: 24e8 3eec 

  0x000001d7c757f340: ; ImmutableOopMap {rsi=Oop }
                      ;*checkcast {reexecute=0 rethrow=0 return_oop=0}
                      ; - kotlin.ResultKt::throwOnFailure@8 (line 132)
                      ; - org.jetbrains.skiko.redrawer.WindowsOpenGLRedrawer$Companion$frameDispatcher$1::invokeSuspend@33 (line 93)
                      ;   {runtime_call throw_null_pointer_exception Runtime1 stub}
  0x000001d7c757f340: e406 e839 

  0x000001d7c757f344: ; ImmutableOopMap {rsi=Oop }
                      ;*getfield exception {reexecute=1 rethrow=0 return_oop=0}
                      ; - (reexecute) kotlin.ResultKt::throwOnFailure@11 (line 132)
                      ; - org.jetbrains.skiko.redrawer.WindowsOpenGLRedrawer$Companion$frameDispatcher$1::invokeSuspend@33 (line 93)
                      ;   {runtime_call throw_null_pointer_exception Runtime1 stub}
  0x000001d7c757f344: c8e4 06e8 

  0x000001d7c757f348: ; ImmutableOopMap {rsi=Oop rax=Oop }
                      ;*athrow {reexecute=1 rethrow=0 return_oop=0}
                      ; - (reexecute) kotlin.ResultKt::throwOnFailure@14 (line 132)
                      ; - org.jetbrains.skiko.redrawer.WindowsOpenGLRedrawer$Companion$frameDispatcher$1::invokeSuspend@33 (line 93)
  0x000001d7c757f348: 34c8 e406 | 4c89 0424 

  0x000001d7c757f350: ;   {runtime_call throw_class_cast_exception Runtime1 stub}
  0x000001d7c757f350: e82b ece4 

  0x000001d7c757f354: ; ImmutableOopMap {r8=Oop }
                      ;*checkcast {reexecute=0 rethrow=0 return_oop=0}
                      ; - kotlin.ResultKt::throwOnFailure@8 (line 132)
                      ; - org.jetbrains.skiko.redrawer.WindowsOpenGLRedrawer$Companion$frameDispatcher$1::invokeSuspend@352 (line 93)
                      ;   {runtime_call throw_null_pointer_exception Runtime1 stub}
  0x000001d7c757f354: 06e8 26c8 

  0x000001d7c757f358: ; ImmutableOopMap {r8=Oop }
                      ;*getfield exception {reexecute=1 rethrow=0 return_oop=0}
                      ; - (reexecute) kotlin.ResultKt::throwOnFailure@11 (line 132)
                      ; - org.jetbrains.skiko.redrawer.WindowsOpenGLRedrawer$Companion$frameDispatcher$1::invokeSuspend@352 (line 93)
                      ;   {runtime_call throw_null_pointer_exception Runtime1 stub}
  0x000001d7c757f358: e406 e821 

  0x000001d7c757f35c: ; ImmutableOopMap {r8=Oop rax=Oop }
                      ;*athrow {reexecute=1 rethrow=0 return_oop=0}
                      ; - (reexecute) kotlin.ResultKt::throwOnFailure@14 (line 132)
                      ; - org.jetbrains.skiko.redrawer.WindowsOpenGLRedrawer$Companion$frameDispatcher$1::invokeSuspend@352 (line 93)
                      ;   {metadata(nullptr)}
  0x000001d7c757f35c: c8e4 0648 | ba00 0000 | 0000 0000 | 00b8 000f 

  0x000001d7c757f36c: ;   {runtime_call load_klass_patching Runtime1 stub}
  0x000001d7c757f36c: 050a e88d 

  0x000001d7c757f370: ; ImmutableOopMap {}
                      ;*new {reexecute=1 rethrow=0 return_oop=0}
                      ; - (reexecute) org.jetbrains.skiko.redrawer.WindowsOpenGLRedrawer$Companion$frameDispatcher$1::invokeSuspend@369 (line 93)
  0x000001d7c757f370: 08e5 06e9 | e8f3 ffff 

  0x000001d7c757f378: ;   {runtime_call fast_new_instance Runtime1 stub}
  0x000001d7c757f378: 488b d2e8 

  0x000001d7c757f37c: ; ImmutableOopMap {}
                      ;*new {reexecute=0 rethrow=0 return_oop=0}
                      ; - org.jetbrains.skiko.redrawer.WindowsOpenGLRedrawer$Companion$frameDispatcher$1::invokeSuspend@369 (line 93)
  0x000001d7c757f37c: 00d1 e406 | e933 f4ff | ff49 8b87 | f804 0000 | 49c7 87f8 | 0400 0000 | 0000 0049 | c787 0005 
  0x000001d7c757f39c: 0000 0000 | 0000 4881 | c420 0100 

  0x000001d7c757f3a8: ;   {runtime_call unwind_exception Runtime1 stub}
  0x000001d7c757f3a8: 005d e9d1 | b8e4 06f4 
[Stub Code]
  0x000001d7c757f3b0: ;   {no_reloc}
  0x000001d7c757f3b0: 0f1f 4400 

  0x000001d7c757f3b4: ;   {static_stub}
  0x000001d7c757f3b4: 0048 bbb8 | 3a12 dfd7 

  0x000001d7c757f3bc: ;   {runtime_call I2C/C2I adapters}
  0x000001d7c757f3bc: 0100 00e9 | 234e d906 

  0x000001d7c757f3c4: ;   {static_stub}
  0x000001d7c757f3c4: 9048 bb00 | 0000 0000 

  0x000001d7c757f3cc: ;   {runtime_call nmethod}
  0x000001d7c757f3cc: 0000 00e9 | fbff ffff 

  0x000001d7c757f3d4: ;   {static_stub}
  0x000001d7c757f3d4: 9048 bb00 | 0000 0000 

  0x000001d7c757f3dc: ;   {runtime_call nmethod}
  0x000001d7c757f3dc: 0000 00e9 | fbff ffff 

  0x000001d7c757f3e4: ;   {static_stub}
  0x000001d7c757f3e4: 9048 bb00 | 0000 0000 

  0x000001d7c757f3ec: ;   {runtime_call nmethod}
  0x000001d7c757f3ec: 0000 00e9 | fbff ffff 

  0x000001d7c757f3f4: ;   {static_stub}
  0x000001d7c757f3f4: 9048 bb00 | 0000 0000 

  0x000001d7c757f3fc: ;   {runtime_call nmethod}
  0x000001d7c757f3fc: 0000 00e9 | fbff ffff 

  0x000001d7c757f404: ;   {static_stub}
  0x000001d7c757f404: 9048 bb00 | 0000 0000 

  0x000001d7c757f40c: ;   {runtime_call nmethod}
  0x000001d7c757f40c: 0000 00e9 | fbff ffff 

  0x000001d7c757f414: ;   {static_stub}
  0x000001d7c757f414: 9048 bb00 | 0000 0000 

  0x000001d7c757f41c: ;   {runtime_call nmethod}
  0x000001d7c757f41c: 0000 00e9 | fbff ffff 

  0x000001d7c757f424: ;   {static_stub}
  0x000001d7c757f424: 9048 bb00 | 0000 0000 

  0x000001d7c757f42c: ;   {runtime_call nmethod}
  0x000001d7c757f42c: 0000 00e9 | fbff ffff 

  0x000001d7c757f434: ;   {static_stub}
  0x000001d7c757f434: 48bb b8e2 | e0df d701 

  0x000001d7c757f43c: ;   {runtime_call I2C/C2I adapters}
  0x000001d7c757f43c: 0000 e928 

  0x000001d7c757f440: ;   {static_stub}
  0x000001d7c757f440: b9d8 0648 | bb00 0000 | 0000 0000 

  0x000001d7c757f44c: ;   {runtime_call nmethod}
  0x000001d7c757f44c: 00e9 fbff 

  0x000001d7c757f450: ;   {static_stub}
  0x000001d7c757f450: ffff 48bb | 0000 0000 | 0000 0000 

  0x000001d7c757f45c: ;   {runtime_call nmethod}
  0x000001d7c757f45c: e9fb ffff 

  0x000001d7c757f460: ;   {static_stub}
  0x000001d7c757f460: ff48 bb00 | 0000 0000 

  0x000001d7c757f468: ;   {runtime_call nmethod}
  0x000001d7c757f468: 0000 00e9 | fbff ffff 

  0x000001d7c757f470: ;   {static_stub}
  0x000001d7c757f470: 48bb 0000 | 0000 0000 

  0x000001d7c757f478: ;   {runtime_call nmethod}
  0x000001d7c757f478: 0000 e9fb 

  0x000001d7c757f47c: ;   {static_stub}
  0x000001d7c757f47c: ffff ff48 | bb00 0000 | 0000 0000 

  0x000001d7c757f488: ;   {runtime_call nmethod}
  0x000001d7c757f488: 00e9 fbff 

  0x000001d7c757f48c: ;   {static_stub}
  0x000001d7c757f48c: ffff 48bb | 602d b1e0 | d701 0000 

  0x000001d7c757f498: ;   {runtime_call I2C/C2I adapters}
  0x000001d7c757f498: e9c6 3fd9 

  0x000001d7c757f49c: ;   {static_stub}
  0x000001d7c757f49c: 0648 bb00 | 0000 0000 

  0x000001d7c757f4a4: ;   {runtime_call nmethod}
  0x000001d7c757f4a4: 0000 00e9 | fbff ffff 

  0x000001d7c757f4ac: ;   {static_stub}
  0x000001d7c757f4ac: 48bb 0000 | 0000 0000 

  0x000001d7c757f4b4: ;   {runtime_call nmethod}
  0x000001d7c757f4b4: 0000 e9fb 

  0x000001d7c757f4b8: ;   {runtime_call handle_exception_from_callee Runtime1 stub}
  0x000001d7c757f4b8: ffff ffe8 | c0e4 e406 

  0x000001d7c757f4c0: ;   {external_word}
  0x000001d7c757f4c0: 48b9 40de | 0e0d ff7f | 0000 4883 

  0x000001d7c757f4cc: ;   {runtime_call}
  0x000001d7c757f4cc: e4f0 48b8 | b079 dd0c | ff7f 0000 

  0x000001d7c757f4d8: ;   {section_word}
  0x000001d7c757f4d8: ffd0 f449 | badb f457 | c7d7 0100 

  0x000001d7c757f4e4: ;   {runtime_call DeoptimizationBlob}
  0x000001d7c757f4e4: 0041 52e9 | b454 d906 | f4f4 f4f4 
[/MachCode]


Compiled method (c1) 23941 4455       3       org.jetbrains.skiko.redrawer.WindowsOpenGLRedrawer$Companion$frameDispatcher$1::invoke (9 bytes)
 total in heap  [0x000001d7c76c9890,0x000001d7c76ca4e8] = 3160
 relocation     [0x000001d7c76c99f0,0x000001d7c76c9aa0] = 176
 main code      [0x000001d7c76c9aa0,0x000001d7c76ca208] = 1896
 stub code      [0x000001d7c76ca208,0x000001d7c76ca260] = 88
 oops           [0x000001d7c76ca260,0x000001d7c76ca268] = 8
 metadata       [0x000001d7c76ca268,0x000001d7c76ca2b0] = 72
 scopes data    [0x000001d7c76ca2b0,0x000001d7c76ca3c0] = 272
 scopes pcs     [0x000001d7c76ca3c0,0x000001d7c76ca4c0] = 256
 dependencies   [0x000001d7c76ca4c0,0x000001d7c76ca4d8] = 24
 nul chk table  [0x000001d7c76ca4d8,0x000001d7c76ca4e8] = 16

[Constant Pool (empty)]

[MachCode]
[Entry Point]
  # {method} {0x000001d7e0b1c120} 'invoke' '(Ljava/lang/Object;)Ljava/lang/Object;' in 'org/jetbrains/skiko/redrawer/WindowsOpenGLRedrawer$Companion$frameDispatcher$1'
  # this:     rdx:rdx   = 'org/jetbrains/skiko/redrawer/WindowsOpenGLRedrawer$Companion$frameDispatcher$1'
  # parm0:    r8:r8     = 'java/lang/Object'
  #           [sp+0x110]  (sp of caller)
  0x000001d7c76c9aa0: 448b 5208 | 49bb 0000 | 0000 0800 | 0000 4d03 | d34c 3bd0 

  0x000001d7c76c9ab4: ;   {runtime_call ic_miss_stub}
  0x000001d7c76c9ab4: 0f85 c64c | c406 660f | 1f44 0000 
[Verified Entry Point]
  0x000001d7c76c9ac0: 8984 2400 | 80ff ff55 | 4881 ec00 | 0100 0090 | 4181 7f20 | 0700 0000 

  0x000001d7c76c9ad8: ;   {runtime_call StubRoutines (final stubs)}
  0x000001d7c76c9ad8: 7405 e881 

  0x000001d7c76c9adc: ;   {metadata(method data for {method} {0x000001d7e0b1c120} 'invoke' '(Ljava/lang/Object;)Ljava/lang/Object;' in 'org/jetbrains/skiko/redrawer/WindowsOpenGLRedrawer$Companion$frameDispatcher$1')}
  0x000001d7c76c9adc: 00c3 0648 | be30 d01a | e1d7 0100 | 008b becc | 0000 0083 | c702 89be | cc00 0000 | 81e7 fe07 
  0x000001d7c76c9afc: 0000 85ff | 0f84 0c05 | 0000 4d85 

  0x000001d7c76c9b08: ;   {metadata(method data for {method} {0x000001d7e0b1c120} 'invoke' '(Ljava/lang/Object;)Ljava/lang/Object;' in 'org/jetbrains/skiko/redrawer/WindowsOpenGLRedrawer$Companion$frameDispatcher$1')}
  0x000001d7c76c9b08: c075 1648 | bf30 d01a | e1d7 0100 | 0080 8f09 | 0100 0001 | e9e9 0000 

  0x000001d7c76c9b20: ;   {metadata('kotlin/coroutines/Continuation')}
  0x000001d7c76c9b20: 0048 b8c8 | a90d 0008 | 0000 0041 | 8b78 0849 | ba00 0000 | 0008 0000 | 0049 03fa | 483b 4720 
  0x000001d7c76c9b40: 0f84 1a00 | 0000 483b | f80f 8411 | 0000 0057 

  0x000001d7c76c9b50: ;   {runtime_call slow_subtype_check Runtime1 stub}
  0x000001d7c76c9b50: 50e8 2a4a | d006 5f5f | 85ff 0f84 | 8e00 0000 

  0x000001d7c76c9b60: ;   {metadata(method data for {method} {0x000001d7e0b1c120} 'invoke' '(Ljava/lang/Object;)Ljava/lang/Object;' in 'org/jetbrains/skiko/redrawer/WindowsOpenGLRedrawer$Companion$frameDispatcher$1')}
  0x000001d7c76c9b60: 48bf 30d0 | 1ae1 d701 | 0000 418b | 4008 49ba | 0000 0000 | 0800 0000 | 4903 c248 | 3b87 2001 
  0x000001d7c76c9b80: 0000 750d | 4883 8728 | 0100 0001 | e979 0000 | 0048 3b87 | 3001 0000 | 750d 4883 | 8738 0100 
  0x000001d7c76c9ba0: 0001 e963 | 0000 0048 | 83bf 2001 | 0000 0075 | 1748 8987 | 2001 0000 | 48c7 8728 | 0100 0001 
  0x000001d7c76c9bc0: 0000 00e9 | 4200 0000 | 4883 bf30 | 0100 0000 | 7517 4889 | 8730 0100 | 0048 c787 | 3801 0000 
  0x000001d7c76c9be0: 0100 0000 | e921 0000 | 00e9 1c00 

  0x000001d7c76c9bec: ;   {metadata(method data for {method} {0x000001d7e0b1c120} 'invoke' '(Ljava/lang/Object;)Ljava/lang/Object;' in 'org/jetbrains/skiko/redrawer/WindowsOpenGLRedrawer$Companion$frameDispatcher$1')}
  0x000001d7c76c9bec: 0000 48bf | 30d0 1ae1 | d701 0000 | 4883 af10 | 0100 0001 | e92e 0400 | 00e9 0000 | 0000 498b 
  0x000001d7c76c9c0c: d848 8bf2 

  0x000001d7c76c9c10: ;   {metadata(method data for {method} {0x000001d7e0b1c120} 'invoke' '(Ljava/lang/Object;)Ljava/lang/Object;' in 'org/jetbrains/skiko/redrawer/WindowsOpenGLRedrawer$Companion$frameDispatcher$1')}
  0x000001d7c76c9c10: 48bf 30d0 | 1ae1 d701 | 0000 4883 | 8748 0100 

  0x000001d7c76c9c20: ;   {metadata(method data for {method} {0x000001d7e0b1c050} 'invoke' '(Lkotlin/coroutines/Continuation;)Ljava/lang/Object;' in 'org/jetbrains/skiko/redrawer/WindowsOpenGLRedrawer$Companion$frameDispatcher$1')}
  0x000001d7c76c9c20: 0001 48be | f8d1 1ae1 | d701 0000 | 8bbe cc00 | 0000 83c7 | 0289 becc | 0000 0081 | e7fe ff1f 
  0x000001d7c76c9c40: 0085 ff0f | 84f3 0300 

  0x000001d7c76c9c48: ;   {metadata(method data for {method} {0x000001d7e0b1c050} 'invoke' '(Lkotlin/coroutines/Continuation;)Ljava/lang/Object;' in 'org/jetbrains/skiko/redrawer/WindowsOpenGLRedrawer$Companion$frameDispatcher$1')}
  0x000001d7c76c9c48: 0048 bef8 | d11a e1d7 | 0100 0048 | 8386 1001 

  0x000001d7c76c9c58: ;   {metadata(method data for {method} {0x000001d7e0b1bf78} 'create' '(Lkotlin/coroutines/Continuation;)Lkotlin/coroutines/Continuation;' in 'org/jetbrains/skiko/redrawer/WindowsOpenGLRedrawer$Companion$frameDispatcher$1')}
  0x000001d7c76c9c58: 0000 0148 | baf8 d31a | e1d7 0100 | 008b b2cc | 0000 0083 | c602 89b2 | cc00 0000 | 81e6 feff 
  0x000001d7c76c9c78: 1f00 85f6 | 0f84 db03 

  0x000001d7c76c9c80: ;   {metadata('org/jetbrains/skiko/redrawer/WindowsOpenGLRedrawer$Companion$frameDispatcher$1')}
  0x000001d7c76c9c80: 0000 48ba | b05d 3400 | 0800 0000 | 498b 87b8 | 0100 0048 | 8d78 2049 | 3bbf c801 | 0000 0f87 
  0x000001d7c76c9ca0: da03 0000 | 4989 bfb8 | 0100 0048 | c700 0100 | 0000 488b | ca49 ba00 | 0000 0008 | 0000 0049 
  0x000001d7c76c9cc0: 2bca 8948 | 0848 33c9 | 8948 0c48 | 33c9 4889 | 4810 4889 | 4818 488b 

  0x000001d7c76c9cd8: ;   {metadata(method data for {method} {0x000001d7e0b1bf78} 'create' '(Lkotlin/coroutines/Continuation;)Lkotlin/coroutines/Continuation;' in 'org/jetbrains/skiko/redrawer/WindowsOpenGLRedrawer$Companion$frameDispatcher$1')}
  0x000001d7c76c9cd8: d048 bef8 | d31a e1d7 | 0100 0048 | 8386 1001 

  0x000001d7c76c9ce8: ;   {metadata(method data for {method} {0x000001d7e0b1bae0} '<init>' '(Lkotlin/coroutines/Continuation;)V' in 'org/jetbrains/skiko/redrawer/WindowsOpenGLRedrawer$Companion$frameDispatcher$1')}
  0x000001d7c76c9ce8: 0000 0148 | ba98 d51a | e1d7 0100 | 008b b2cc | 0000 0083 | c602 89b2 | cc00 0000 | 81e6 feff 
  0x000001d7c76c9d08: 1f00 85f6 | 0f84 7903 | 0000 488b 

  0x000001d7c76c9d14: ;   {metadata(method data for {method} {0x000001d7e0b1bae0} '<init>' '(Lkotlin/coroutines/Continuation;)V' in 'org/jetbrains/skiko/redrawer/WindowsOpenGLRedrawer$Companion$frameDispatcher$1')}
  0x000001d7c76c9d14: d048 be98 | d51a e1d7 | 0100 0048 | 8386 1001 

  0x000001d7c76c9d24: ;   {metadata(method data for {method} {0x000001d7dfb50550} '<init>' '(ILkotlin/coroutines/Continuation;)V' in 'kotlin/coroutines/jvm/internal/SuspendLambda')}
  0x000001d7c76c9d24: 0000 0148 | ba58 08ef | dfd7 0100 | 008b b2cc | 0000 0083 | c602 89b2 | cc00 0000 | 81e6 feff 
  0x000001d7c76c9d44: 1f00 85f6 | 0f84 5e03 | 0000 488b 

  0x000001d7c76c9d50: ;   {metadata(method data for {method} {0x000001d7dfb50550} '<init>' '(ILkotlin/coroutines/Continuation;)V' in 'kotlin/coroutines/jvm/internal/SuspendLambda')}
  0x000001d7c76c9d50: d048 be58 | 08ef dfd7 | 0100 0048 | 8386 1001 

  0x000001d7c76c9d60: ;   {metadata(method data for {method} {0x000001d7dfb50ee8} '<init>' '(Lkotlin/coroutines/Continuation;)V' in 'kotlin/coroutines/jvm/internal/ContinuationImpl')}
  0x000001d7c76c9d60: 0000 0148 | ba50 4ded | dfd7 0100 | 008b b2cc | 0000 0083 | c602 89b2 | cc00 0000 | 81e6 feff 
  0x000001d7c76c9d80: 1f00 85f6 | 0f84 4303 | 0000 4885 

  0x000001d7c76c9d8c: ;   {metadata(method data for {method} {0x000001d7dfb50ee8} '<init>' '(Lkotlin/coroutines/Continuation;)V' in 'kotlin/coroutines/jvm/internal/ContinuationImpl')}
  0x000001d7c76c9d8c: db48 ba50 | 4ded dfd7 | 0100 0048 | c7c6 1001 | 0000 7407 | 48c7 c620 | 0100 0048 | 8b3c 3248 
  0x000001d7c76c9dac: 8d7f 0148 | 893c 3248 | 8984 24e8 | 0000 000f | 84d1 0000 | 0048 3b03 

  0x000001d7c76c9dc4: ;   {metadata(method data for {method} {0x000001d7dfb50ee8} '<init>' '(Lkotlin/coroutines/Continuation;)V' in 'kotlin/coroutines/jvm/internal/ContinuationImpl')}
  0x000001d7c76c9dc4: 488b d348 | be50 4ded | dfd7 0100 | 008b 5208 | 49ba 0000 | 0000 0800 | 0000 4903 | d248 3b96 
  0x000001d7c76c9de4: 4001 0000 | 750d 4883 | 8648 0100 | 0001 e960 | 0000 0048 | 3b96 5001 | 0000 750d | 4883 8658 
  0x000001d7c76c9e04: 0100 0001 | e94a 0000 | 0048 83be | 4001 0000 | 0075 1748 | 8996 4001 | 0000 48c7 | 8648 0100 
  0x000001d7c76c9e24: 0001 0000 | 00e9 2900 | 0000 4883 | be50 0100 | 0000 7517 | 4889 9650 | 0100 0048 | c786 5801 
  0x000001d7c76c9e44: 0000 0100 | 0000 e908 | 0000 0048 | 8386 3001 | 0000 0148 | 8bd3 4889 | 9c24 f000 | 0000 6666 
  0x000001d7c76c9e64: 9048 b858 | 6434 0008 

  0x000001d7c76c9e6c: ;   {virtual_call}
  0x000001d7c76c9e6c: 0000 00e8 

  0x000001d7c76c9e70: ; ImmutableOopMap {[232]=Oop [240]=Oop }
                      ;*invokeinterface getContext {reexecute=0 rethrow=0 return_oop=0}
                      ; - kotlin.coroutines.jvm.internal.ContinuationImpl::<init>@7 (line 102)
                      ; - kotlin.coroutines.jvm.internal.SuspendLambda::<init>@2 (line 159)
                      ; - org.jetbrains.skiko.redrawer.WindowsOpenGLRedrawer$Companion$frameDispatcher$1::<init>@3
                      ; - org.jetbrains.skiko.redrawer.WindowsOpenGLRedrawer$Companion$frameDispatcher$1::create@5
                      ; - org.jetbrains.skiko.redrawer.WindowsOpenGLRedrawer$Companion$frameDispatcher$1::invoke@2
                      ; - org.jetbrains.skiko.redrawer.WindowsOpenGLRedrawer$Companion$frameDispatcher$1::invoke@5
  0x000001d7c76c9e70: ac4c 2707 

  0x000001d7c76c9e74: ;   {other}
  0x000001d7c76c9e74: 0f1f 8400 | e405 0000 

  0x000001d7c76c9e7c: ;   {metadata(method data for {method} {0x000001d7dfb50ee8} '<init>' '(Lkotlin/coroutines/Continuation;)V' in 'kotlin/coroutines/jvm/internal/ContinuationImpl')}
  0x000001d7c76c9e7c: 49b8 504d | eddf d701 | 0000 41ff | 8068 0100 | 00e9 1200 | 0000 4889 | 9c24 f000 

  0x000001d7c76c9e98: ;   {oop(nullptr)}
  0x000001d7c76c9e98: 0000 48b8 | 0000 0000 | 0000 0000 | 488b 9424 | e800 0000 | 488b 9c24 | f000 0000 

  0x000001d7c76c9eb4: ;   {metadata(method data for {method} {0x000001d7dfb50ee8} '<init>' '(Lkotlin/coroutines/Continuation;)V' in 'kotlin/coroutines/jvm/internal/ContinuationImpl')}
  0x000001d7c76c9eb4: 4c8b c248 | be50 4ded | dfd7 0100 | 0048 8386 | 8001 0000 

  0x000001d7c76c9ec8: ;   {metadata(method data for {method} {0x000001d7dfb50e08} '<init>' '(Lkotlin/coroutines/Continuation;Lkotlin/coroutines/CoroutineContext;)V' in 'kotlin/coroutines/jvm/internal/ContinuationImpl')}
  0x000001d7c76c9ec8: 0149 b808 | 3ced dfd7 | 0100 0041 | 8bb0 cc00 | 0000 83c6 | 0241 89b0 | cc00 0000 | 81e6 feff 
  0x000001d7c76c9ee8: 1f00 85f6 | 0f84 0102 | 0000 4c8b 

  0x000001d7c76c9ef4: ;   {metadata(method data for {method} {0x000001d7dfb50e08} '<init>' '(Lkotlin/coroutines/Continuation;Lkotlin/coroutines/CoroutineContext;)V' in 'kotlin/coroutines/jvm/internal/ContinuationImpl')}
  0x000001d7c76c9ef4: c248 be08 | 3ced dfd7 | 0100 0048 | 8386 1001 

  0x000001d7c76c9f04: ;   {metadata(method data for {method} {0x000001d7dfb51ef8} '<init>' '(Lkotlin/coroutines/Continuation;)V' in 'kotlin/coroutines/jvm/internal/BaseContinuationImpl')}
  0x000001d7c76c9f04: 0000 0149 | b8a8 42ed | dfd7 0100 | 0041 8bb0 | cc00 0000 | 83c6 0241 | 89b0 cc00 | 0000 81e6 
  0x000001d7c76c9f24: feff 1f00 | 85f6 0f84 | e401 0000 

  0x000001d7c76c9f30: ;   {metadata(method data for {method} {0x000001d7dfb51ef8} '<init>' '(Lkotlin/coroutines/Continuation;)V' in 'kotlin/coroutines/jvm/internal/BaseContinuationImpl')}
  0x000001d7c76c9f30: 4c8b c248 | bea8 42ed | dfd7 0100 | 0048 8386 | 1001 0000 

  0x000001d7c76c9f44: ;   {metadata(method data for {method} {0x000001d7df000638} '<init>' '()V' in 'java/lang/Object')}
  0x000001d7c76c9f44: 0149 b8e0 | 9327 dfd7 | 0100 0041 | 8bb0 cc00 | 0000 83c6 | 0241 89b0 | cc00 0000 | 81e6 feff 
  0x000001d7c76c9f64: 1f00 85f6 | 0f84 c701 | 0000 450f | be47 4045 | 85c0 0f85 | da01 0000 | 4c8b d349 | c1ea 0344 
  0x000001d7c76c9f84: 8952 0c4c | 8bc2 4c33 | c349 c1e8 | 1549 83f8 | 000f 85db | 0100 0045 | 0fbe 4740 | 4585 c00f 
  0x000001d7c76c9fa4: 85e5 0100 | 004c 8bd0 | 49c1 ea03 | 4489 5210 | 4c8b c24c | 33c0 49c1 | e815 4983 | f800 0f85 
  0x000001d7c76c9fc4: e601 0000 | c742 1801 | 0000 0048 

  0x000001d7c76c9fd0: ;   {metadata(method data for {method} {0x000001d7e0b1c050} 'invoke' '(Lkotlin/coroutines/Continuation;)Ljava/lang/Object;' in 'org/jetbrains/skiko/redrawer/WindowsOpenGLRedrawer$Companion$frameDispatcher$1')}
  0x000001d7c76c9fd0: 8bc2 49b8 | f8d1 1ae1 | d701 0000 | 4983 8080 | 0100 0001 

  0x000001d7c76c9fe4: ;   {oop(a 'kotlin/Unit'{0x0000000700a01ba0})}
  0x000001d7c76c9fe4: 49b8 a01b | a000 0700 

  0x000001d7c76c9fec: ;   {optimized virtual_call}
  0x000001d7c76c9fec: 0000 90e8 

  0x000001d7c76c9ff0: ; ImmutableOopMap {}
                      ;*invokevirtual invokeSuspend {reexecute=0 rethrow=0 return_oop=0}
                      ; - org.jetbrains.skiko.redrawer.WindowsOpenGLRedrawer$Companion$frameDispatcher$1::invoke@11
                      ; - org.jetbrains.skiko.redrawer.WindowsOpenGLRedrawer$Companion$frameDispatcher$1::invoke@5
  0x000001d7c76c9ff0: 4c1a ebff 

  0x000001d7c76c9ff4: ;   {other}
  0x000001d7c76c9ff4: 0f1f 8400 | 6407 0001 | 4881 c400 | 0100 005d 

  0x000001d7c76ca004: ;   {poll_return}
  0x000001d7c76ca004: 493b a748 | 0400 000f | 87b5 0100 

  0x000001d7c76ca010: ;   {metadata({method} {0x000001d7e0b1c120} 'invoke' '(Ljava/lang/Object;)Ljava/lang/Object;' in 'org/jetbrains/skiko/redrawer/WindowsOpenGLRedrawer$Companion$frameDispatcher$1')}
  0x000001d7c76ca010: 00c3 49ba | 18c1 b1e0 | d701 0000 | 4c89 5424 | 0848 c704 | 24ff ffff 

  0x000001d7c76ca028: ;   {runtime_call counter_overflow Runtime1 stub}
  0x000001d7c76ca028: ffe8 526c 

  0x000001d7c76ca02c: ; ImmutableOopMap {rdx=Oop r8=Oop }
                      ;*synchronization entry
                      ; - org.jetbrains.skiko.redrawer.WindowsOpenGLRedrawer$Companion$frameDispatcher$1::invoke@-1
  0x000001d7c76ca02c: d006 e9d3 | faff ff4c 

  0x000001d7c76ca034: ;   {runtime_call throw_class_cast_exception Runtime1 stub}
  0x000001d7c76ca034: 8904 24e8 

  0x000001d7c76ca038: ; ImmutableOopMap {rdx=Oop }
                      ;*checkcast {reexecute=0 rethrow=0 return_oop=0}
                      ; - org.jetbrains.skiko.redrawer.WindowsOpenGLRedrawer$Companion$frameDispatcher$1::invoke@2
  0x000001d7c76ca038: 443f d006 

  0x000001d7c76ca03c: ;   {metadata({method} {0x000001d7e0b1c050} 'invoke' '(Lkotlin/coroutines/Continuation;)Ljava/lang/Object;' in 'org/jetbrains/skiko/redrawer/WindowsOpenGLRedrawer$Companion$frameDispatcher$1')}
  0x000001d7c76ca03c: 49ba 48c0 | b1e0 d701 | 0000 4c89 | 5424 0848 | c704 24ff 

  0x000001d7c76ca050: ;   {runtime_call counter_overflow Runtime1 stub}
  0x000001d7c76ca050: ffff ffe8 

  0x000001d7c76ca054: ; ImmutableOopMap {rdx=Oop rbx=Oop }
                      ;*synchronization entry
                      ; - org.jetbrains.skiko.redrawer.WindowsOpenGLRedrawer$Companion$frameDispatcher$1::invoke@-1
                      ; - org.jetbrains.skiko.redrawer.WindowsOpenGLRedrawer$Companion$frameDispatcher$1::invoke@5
  0x000001d7c76ca054: 286c d006 | e9ec fbff 

  0x000001d7c76ca05c: ;   {metadata({method} {0x000001d7e0b1bf78} 'create' '(Lkotlin/coroutines/Continuation;)Lkotlin/coroutines/Continuation;' in 'org/jetbrains/skiko/redrawer/WindowsOpenGLRedrawer$Companion$frameDispatcher$1')}
  0x000001d7c76ca05c: ff49 ba70 | bfb1 e0d7 | 0100 004c | 8954 2408 | 48c7 0424 | ffff ffff 

  0x000001d7c76ca074: ;   {runtime_call counter_overflow Runtime1 stub}
  0x000001d7c76ca074: e807 6cd0 

  0x000001d7c76ca078: ; ImmutableOopMap {rbx=Oop }
                      ;*synchronization entry
                      ; - org.jetbrains.skiko.redrawer.WindowsOpenGLRedrawer$Companion$frameDispatcher$1::create@-1
                      ; - org.jetbrains.skiko.redrawer.WindowsOpenGLRedrawer$Companion$frameDispatcher$1::invoke@2
                      ; - org.jetbrains.skiko.redrawer.WindowsOpenGLRedrawer$Companion$frameDispatcher$1::invoke@5
  0x000001d7c76ca078: 06e9 04fc | ffff 488b 

  0x000001d7c76ca080: ;   {runtime_call fast_new_instance Runtime1 stub}
  0x000001d7c76ca080: d2e8 fa23 

  0x000001d7c76ca084: ; ImmutableOopMap {rbx=Oop }
                      ;*new {reexecute=0 rethrow=0 return_oop=0}
                      ; - org.jetbrains.skiko.redrawer.WindowsOpenGLRedrawer$Companion$frameDispatcher$1::create@0
                      ; - org.jetbrains.skiko.redrawer.WindowsOpenGLRedrawer$Companion$frameDispatcher$1::invoke@2
                      ; - org.jetbrains.skiko.redrawer.WindowsOpenGLRedrawer$Companion$frameDispatcher$1::invoke@5
  0x000001d7c76ca084: d006 e94b 

  0x000001d7c76ca088: ;   {metadata({method} {0x000001d7e0b1bae0} '<init>' '(Lkotlin/coroutines/Continuation;)V' in 'org/jetbrains/skiko/redrawer/WindowsOpenGLRedrawer$Companion$frameDispatcher$1')}
  0x000001d7c76ca088: fcff ff49 | bad8 bab1 | e0d7 0100 | 004c 8954 | 2408 48c7 | 0424 ffff 

  0x000001d7c76ca0a0: ;   {runtime_call counter_overflow Runtime1 stub}
  0x000001d7c76ca0a0: ffff e8d9 

  0x000001d7c76ca0a4: ; ImmutableOopMap {rbx=Oop rax=Oop }
                      ;*synchronization entry
                      ; - org.jetbrains.skiko.redrawer.WindowsOpenGLRedrawer$Companion$frameDispatcher$1::<init>@-1
                      ; - org.jetbrains.skiko.redrawer.WindowsOpenGLRedrawer$Companion$frameDispatcher$1::create@5
                      ; - org.jetbrains.skiko.redrawer.WindowsOpenGLRedrawer$Companion$frameDispatcher$1::invoke@2
                      ; - org.jetbrains.skiko.redrawer.WindowsOpenGLRedrawer$Companion$frameDispatcher$1::invoke@5
  0x000001d7c76ca0a4: 6bd0 06e9 | 66fc ffff 

  0x000001d7c76ca0ac: ;   {metadata({method} {0x000001d7dfb50550} '<init>' '(ILkotlin/coroutines/Continuation;)V' in 'kotlin/coroutines/jvm/internal/SuspendLambda')}
  0x000001d7c76ca0ac: 49ba 4805 | b5df d701 | 0000 4c89 | 5424 0848 | c704 24ff 

  0x000001d7c76ca0c0: ;   {runtime_call counter_overflow Runtime1 stub}
  0x000001d7c76ca0c0: ffff ffe8 

  0x000001d7c76ca0c4: ; ImmutableOopMap {rbx=Oop rax=Oop }
                      ;*synchronization entry
                      ; - kotlin.coroutines.jvm.internal.SuspendLambda::<init>@-1 (line 159)
                      ; - org.jetbrains.skiko.redrawer.WindowsOpenGLRedrawer$Companion$frameDispatcher$1::<init>@3
                      ; - org.jetbrains.skiko.redrawer.WindowsOpenGLRedrawer$Companion$frameDispatcher$1::create@5
                      ; - org.jetbrains.skiko.redrawer.WindowsOpenGLRedrawer$Companion$frameDispatcher$1::invoke@2
                      ; - org.jetbrains.skiko.redrawer.WindowsOpenGLRedrawer$Companion$frameDispatcher$1::invoke@5
  0x000001d7c76ca0c4: b86b d006 | e981 fcff 

  0x000001d7c76ca0cc: ;   {metadata({method} {0x000001d7dfb50ee8} '<init>' '(Lkotlin/coroutines/Continuation;)V' in 'kotlin/coroutines/jvm/internal/ContinuationImpl')}
  0x000001d7c76ca0cc: ff49 bae0 | 0eb5 dfd7 | 0100 004c | 8954 2408 | 48c7 0424 | ffff ffff 

  0x000001d7c76ca0e4: ;   {runtime_call counter_overflow Runtime1 stub}
  0x000001d7c76ca0e4: e897 6bd0 

  0x000001d7c76ca0e8: ; ImmutableOopMap {rbx=Oop rax=Oop }
                      ;*synchronization entry
                      ; - kotlin.coroutines.jvm.internal.ContinuationImpl::<init>@-1 (line 102)
                      ; - kotlin.coroutines.jvm.internal.SuspendLambda::<init>@2 (line 159)
                      ; - org.jetbrains.skiko.redrawer.WindowsOpenGLRedrawer$Companion$frameDispatcher$1::<init>@3
                      ; - org.jetbrains.skiko.redrawer.WindowsOpenGLRedrawer$Companion$frameDispatcher$1::create@5
                      ; - org.jetbrains.skiko.redrawer.WindowsOpenGLRedrawer$Companion$frameDispatcher$1::invoke@2
                      ; - org.jetbrains.skiko.redrawer.WindowsOpenGLRedrawer$Companion$frameDispatcher$1::invoke@5
  0x000001d7c76ca0e8: 06e9 9cfc 

  0x000001d7c76ca0ec: ;   {runtime_call throw_null_pointer_exception Runtime1 stub}
  0x000001d7c76ca0ec: ffff e88d 

  0x000001d7c76ca0f0: ; ImmutableOopMap {rbx=Oop [232]=Oop }
                      ;*invokeinterface getContext {reexecute=0 rethrow=0 return_oop=0}
                      ; - kotlin.coroutines.jvm.internal.ContinuationImpl::<init>@7 (line 102)
                      ; - kotlin.coroutines.jvm.internal.SuspendLambda::<init>@2 (line 159)
                      ; - org.jetbrains.skiko.redrawer.WindowsOpenGLRedrawer$Companion$frameDispatcher$1::<init>@3
                      ; - org.jetbrains.skiko.redrawer.WindowsOpenGLRedrawer$Companion$frameDispatcher$1::create@5
                      ; - org.jetbrains.skiko.redrawer.WindowsOpenGLRedrawer$Companion$frameDispatcher$1::invoke@2
                      ; - org.jetbrains.skiko.redrawer.WindowsOpenGLRedrawer$Companion$frameDispatcher$1::invoke@5
                      ;   {metadata({method} {0x000001d7dfb50e08} '<init>' '(Lkotlin/coroutines/Continuation;Lkotlin/coroutines/CoroutineContext;)V' in 'kotlin/coroutines/jvm/internal/ContinuationImpl')}
  0x000001d7c76ca0f0: 1ad0 0649 | ba00 0eb5 | dfd7 0100 | 004c 8954 | 2408 48c7 | 0424 ffff 

  0x000001d7c76ca108: ;   {runtime_call counter_overflow Runtime1 stub}
  0x000001d7c76ca108: ffff e871 

  0x000001d7c76ca10c: ; ImmutableOopMap {rax=Oop rdx=Oop rbx=Oop }
                      ;*synchronization entry
                      ; - kotlin.coroutines.jvm.internal.ContinuationImpl::<init>@-1 (line 101)
                      ; - kotlin.coroutines.jvm.internal.ContinuationImpl::<init>@17 (line 102)
                      ; - kotlin.coroutines.jvm.internal.SuspendLambda::<init>@2 (line 159)
                      ; - org.jetbrains.skiko.redrawer.WindowsOpenGLRedrawer$Companion$frameDispatcher$1::<init>@3
                      ; - org.jetbrains.skiko.redrawer.WindowsOpenGLRedrawer$Companion$frameDispatcher$1::create@5
                      ; - org.jetbrains.skiko.redrawer.WindowsOpenGLRedrawer$Companion$frameDispatcher$1::invoke@2
                      ; - org.jetbrains.skiko.redrawer.WindowsOpenGLRedrawer$Companion$frameDispatcher$1::invoke@5
  0x000001d7c76ca10c: 6bd0 06e9 | defd ffff 

  0x000001d7c76ca114: ;   {metadata({method} {0x000001d7dfb51ef8} '<init>' '(Lkotlin/coroutines/Continuation;)V' in 'kotlin/coroutines/jvm/internal/BaseContinuationImpl')}
  0x000001d7c76ca114: 49ba f01e | b5df d701 | 0000 4c89 | 5424 0848 | c704 24ff 

  0x000001d7c76ca128: ;   {runtime_call counter_overflow Runtime1 stub}
  0x000001d7c76ca128: ffff ffe8 

  0x000001d7c76ca12c: ; ImmutableOopMap {rax=Oop rdx=Oop rbx=Oop }
                      ;*synchronization entry
                      ; - kotlin.coroutines.jvm.internal.BaseContinuationImpl::<init>@-1 (line 15)
                      ; - kotlin.coroutines.jvm.internal.ContinuationImpl::<init>@2 (line 101)
                      ; - kotlin.coroutines.jvm.internal.ContinuationImpl::<init>@17 (line 102)
                      ; - kotlin.coroutines.jvm.internal.SuspendLambda::<init>@2 (line 159)
                      ; - org.jetbrains.skiko.redrawer.WindowsOpenGLRedrawer$Companion$frameDispatcher$1::<init>@3
                      ; - org.jetbrains.skiko.redrawer.WindowsOpenGLRedrawer$Companion$frameDispatcher$1::create@5
                      ; - org.jetbrains.skiko.redrawer.WindowsOpenGLRedrawer$Companion$frameDispatcher$1::invoke@2
                      ; - org.jetbrains.skiko.redrawer.WindowsOpenGLRedrawer$Companion$frameDispatcher$1::invoke@5
  0x000001d7c76ca12c: 506b d006 | e9fb fdff 

  0x000001d7c76ca134: ;   {metadata({method} {0x000001d7df000638} '<init>' '()V' in 'java/lang/Object')}
  0x000001d7c76ca134: ff49 ba30 | 0600 dfd7 | 0100 004c | 8954 2408 | 48c7 0424 | ffff ffff 

  0x000001d7c76ca14c: ;   {runtime_call counter_overflow Runtime1 stub}
  0x000001d7c76ca14c: e82f 6bd0 

  0x000001d7c76ca150: ; ImmutableOopMap {rax=Oop rdx=Oop rbx=Oop }
                      ;*synchronization entry
                      ; - java.lang.Object::<init>@-1
                      ; - kotlin.coroutines.jvm.internal.BaseContinuationImpl::<init>@1 (line 15)
                      ; - kotlin.coroutines.jvm.internal.ContinuationImpl::<init>@2 (line 101)
                      ; - kotlin.coroutines.jvm.internal.ContinuationImpl::<init>@17 (line 102)
                      ; - kotlin.coroutines.jvm.internal.SuspendLambda::<init>@2 (line 159)
                      ; - org.jetbrains.skiko.redrawer.WindowsOpenGLRedrawer$Companion$frameDispatcher$1::<init>@3
                      ; - org.jetbrains.skiko.redrawer.WindowsOpenGLRedrawer$Companion$frameDispatcher$1::create@5
                      ; - org.jetbrains.skiko.redrawer.WindowsOpenGLRedrawer$Companion$frameDispatcher$1::invoke@2
                      ; - org.jetbrains.skiko.redrawer.WindowsOpenGLRedrawer$Companion$frameDispatcher$1::invoke@5
  0x000001d7c76ca150: 06e9 18fe | ffff 448b | 420c 49c1 | e003 4983 | f800 0f84 | 14fe ffff | 4c89 0424 

  0x000001d7c76ca16c: ;   {runtime_call g1_pre_barrier_slow}
  0x000001d7c76ca16c: e80f 71d0 | 06e9 06fe | ffff 4883 | fb00 0f84 | 1bfe ffff | 4889 1424 

  0x000001d7c76ca184: ;   {runtime_call g1_post_barrier_slow}
  0x000001d7c76ca184: e8f7 73d0 | 06e9 0dfe | ffff 448b | 4210 49c1 | e003 4983 | f800 0f84 | 09fe ffff | 4c89 0424 
  0x000001d7c76ca1a4: ;   {runtime_call g1_pre_barrier_slow}
  0x000001d7c76ca1a4: e8d7 70d0 | 06e9 fbfd | ffff 4883 | f800 0f84 | 10fe ffff | 4889 1424 

  0x000001d7c76ca1bc: ;   {runtime_call g1_post_barrier_slow}
  0x000001d7c76ca1bc: e8bf 73d0 | 06e9 02fe 

  0x000001d7c76ca1c4: ;   {internal_word}
  0x000001d7c76ca1c4: ffff 49ba | 04a0 6cc7 | d701 0000 | 4d89 9760 

  0x000001d7c76ca1d4: ;   {runtime_call SafepointBlob}
  0x000001d7c76ca1d4: 0400 00e9 | 24b5 c406 | 498b 87f8 | 0400 0049 | c787 f804 | 0000 0000 | 0000 49c7 | 8700 0500 
  0x000001d7c76ca1f4: 0000 0000 | 0048 81c4 | 0001 0000 

  0x000001d7c76ca200: ;   {runtime_call unwind_exception Runtime1 stub}
  0x000001d7c76ca200: 5de9 7a0a | d006 f4f4 
[Stub Code]
  0x000001d7c76ca208: ;   {no_reloc}
  0x000001d7c76ca208: 0f1f 4400 

  0x000001d7c76ca20c: ;   {static_stub}
  0x000001d7c76ca20c: 0048 bb00 | 0000 0000 

  0x000001d7c76ca214: ;   {runtime_call nmethod}
  0x000001d7c76ca214: 0000 00e9 | fbff ffff 

  0x000001d7c76ca21c: ;   {static_stub}
  0x000001d7c76ca21c: 48bb 0000 | 0000 0000 

  0x000001d7c76ca224: ;   {runtime_call nmethod}
  0x000001d7c76ca224: 0000 e9fb 

  0x000001d7c76ca228: ;   {runtime_call handle_exception_from_callee Runtime1 stub}
  0x000001d7c76ca228: ffff ffe8 | 5037 d006 

  0x000001d7c76ca230: ;   {external_word}
  0x000001d7c76ca230: 48b9 40de | 0e0d ff7f | 0000 4883 

  0x000001d7c76ca23c: ;   {runtime_call}
  0x000001d7c76ca23c: e4f0 48b8 | b079 dd0c | ff7f 0000 

  0x000001d7c76ca248: ;   {section_word}
  0x000001d7c76ca248: ffd0 f449 | ba4b a26c | c7d7 0100 

  0x000001d7c76ca254: ;   {runtime_call DeoptimizationBlob}
  0x000001d7c76ca254: 0041 52e9 | 44a7 c406 | f4f4 f4f4 
[/MachCode]


---------------  P R O C E S S  ---------------

Threads class SMR info:
_java_thread_list=0x000001d7e35ea330, length=35, elements={
0x000001d7c3b75f60, 0x000001d7de8431f0, 0x000001d7de891fa0, 0x000001d7de8774c0,
0x000001d7de893f80, 0x000001d7de879f40, 0x000001d7de87b130, 0x000001d7de8a0270,
0x000001d7de8a4020, 0x000001d7dea4b910, 0x000001d7dea63760, 0x000001d7e32c3010,
0x000001d7e35c2f40, 0x000001d7e3750620, 0x000001d7e37519d0, 0x000001d7e374ff90,
0x000001d7e3752060, 0x000001d7e3750cb0, 0x000001d7e37526f0, 0x000001d7e374f900,
0x000001d7e3ebac40, 0x000001d7e3eb77c0, 0x000001d7e3eb9890, 0x000001d7e3ebb2d0,
0x000001d7e3eba5b0, 0x000001d7e3eb9f20, 0x000001d7e3eb7e50, 0x000001d7e3ebede0,
0x000001d7f0b0ae30, 0x000001d7f0b0a7a0, 0x000001d7f0b0b4c0, 0x000001d7f0b10a10,
0x000001d7f1434bc0, 0x000001d7f1433ea0, 0x000001d7f1435250
}

Java Threads: ( => current thread )
  0x000001d7c3b75f60 JavaThread "main"                              [_thread_blocked, id=9256, stack(0x000000c9fa200000,0x000000c9fa300000) (1024K)]
  0x000001d7de8431f0 JavaThread "Reference Handler"          daemon [_thread_blocked, id=25988, stack(0x000000c9faa00000,0x000000c9fab00000) (1024K)]
  0x000001d7de891fa0 JavaThread "Finalizer"                  daemon [_thread_blocked, id=7452, stack(0x000000c9fab00000,0x000000c9fac00000) (1024K)]
  0x000001d7de8774c0 JavaThread "Signal Dispatcher"          daemon [_thread_blocked, id=3252, stack(0x000000c9fac00000,0x000000c9fad00000) (1024K)]
  0x000001d7de893f80 JavaThread "Attach Listener"            daemon [_thread_blocked, id=28480, stack(0x000000c9fad00000,0x000000c9fae00000) (1024K)]
  0x000001d7de879f40 JavaThread "Service Thread"             daemon [_thread_blocked, id=19220, stack(0x000000c9fae00000,0x000000c9faf00000) (1024K)]
  0x000001d7de87b130 JavaThread "Monitor Deflation Thread"   daemon [_thread_blocked, id=21412, stack(0x000000c9faf00000,0x000000c9fb000000) (1024K)]
  0x000001d7de8a0270 JavaThread "C2 CompilerThread0"         daemon [_thread_blocked, id=12608, stack(0x000000c9fb000000,0x000000c9fb100000) (1024K)]
  0x000001d7de8a4020 JavaThread "C1 CompilerThread0"         daemon [_thread_blocked, id=13172, stack(0x000000c9fb100000,0x000000c9fb200000) (1024K)]
  0x000001d7dea4b910 JavaThread "Notification Thread"        daemon [_thread_blocked, id=25508, stack(0x000000c9fb200000,0x000000c9fb300000) (1024K)]
  0x000001d7dea63760 JavaThread "Common-Cleaner"             daemon [_thread_blocked, id=27336, stack(0x000000c9fb300000,0x000000c9fb400000) (1024K)]
  0x000001d7e32c3010 JavaThread "TimerQueue"                 daemon [_thread_blocked, id=14960, stack(0x000000c9fb500000,0x000000c9fb600000) (1024K)]
  0x000001d7e35c2f40 JavaThread "Java2D Disposer"            daemon [_thread_blocked, id=25504, stack(0x000000c9fb600000,0x000000c9fb700000) (1024K)]
  0x000001d7e3750620 JavaThread "Hot Reload Main"            daemon [_thread_blocked, id=16340, stack(0x000000c9fba00000,0x000000c9fbb00000) (1024K)]
  0x000001d7e37519d0 JavaThread "Orchestration IO: Writer"   daemon [_thread_blocked, id=9812, stack(0x000000c9fbb00000,0x000000c9fbc00000) (1024K)]
  0x000001d7e374ff90 JavaThread "Orchestration IO: Reader"   daemon [_thread_blocked, id=11004, stack(0x000000c9fbc00000,0x000000c9fbd00000) (1024K)]
  0x000001d7e3752060 JavaThread "Thread-0"                          [_thread_blocked, id=11756, stack(0x000000c9fbd00000,0x000000c9fbe00000) (1024K)]
  0x000001d7e3750cb0 JavaThread "process reaper"             daemon [_thread_blocked, id=11148, stack(0x000000c9f9b90000,0x000000c9f9bb0000) (128K)]
  0x000001d7e37526f0 JavaThread "Recompiler"                        [_thread_blocked, id=8232, stack(0x000000c9fc500000,0x000000c9fc600000) (1024K)]
  0x000001d7e374f900 JavaThread "process reaper"             daemon [_thread_blocked, id=10720, stack(0x000000c9f9bb0000,0x000000c9f9bd0000) (128K)]
  0x000001d7e3ebac40 JavaThread "DefaultDispatcher-worker-1" daemon [_thread_blocked, id=18352, stack(0x000000c9fc600000,0x000000c9fc700000) (1024K)]
  0x000001d7e3eb77c0 JavaThread "DefaultDispatcher-worker-2" daemon [_thread_blocked, id=8548, stack(0x000000c9fc700000,0x000000c9fc800000) (1024K)]
  0x000001d7e3eb9890 JavaThread "DefaultDispatcher-worker-3" daemon [_thread_blocked, id=15996, stack(0x000000c9fc800000,0x000000c9fc900000) (1024K)]
  0x000001d7e3ebb2d0 JavaThread "AWT-Shutdown"                      [_thread_blocked, id=20536, stack(0x000000c9fb400000,0x000000c9fb500000) (1024K)]
=>0x000001d7e3eba5b0 JavaThread "AWT-EventQueue-0"                  [_thread_in_native, id=20376, stack(0x000000c9fb700000,0x000000c9fb800000) (1024K)]
  0x000001d7e3eb9f20 JavaThread "kotlinx.coroutines.DefaultExecutor" daemon [_thread_blocked, id=27548, stack(0x000000c9fcc00000,0x000000c9fcd00000) (1024K)]
  0x000001d7e3eb7e50 JavaThread "Reference Cleaner"          daemon [_thread_blocked, id=10804, stack(0x000000c9fcd00000,0x000000c9fce00000) (1024K)]
  0x000001d7e3ebede0 JavaThread "DefaultDispatcher-worker-4" daemon [_thread_blocked, id=8700, stack(0x000000c9fd600000,0x000000c9fd700000) (1024K)]
  0x000001d7f0b0ae30 JavaThread "DefaultDispatcher-worker-5" daemon [_thread_blocked, id=11412, stack(0x000000c9fd700000,0x000000c9fd800000) (1024K)]
  0x000001d7f0b0a7a0 JavaThread "DefaultDispatcher-worker-6" daemon [_thread_blocked, id=5492, stack(0x000000c9fd800000,0x000000c9fd900000) (1024K)]
  0x000001d7f0b0b4c0 JavaThread "DefaultDispatcher-worker-7" daemon [_thread_blocked, id=27800, stack(0x000000c9fd900000,0x000000c9fda00000) (1024K)]
  0x000001d7f0b10a10 JavaThread "pool-1-thread-1"            daemon [_thread_blocked, id=15188, stack(0x000000c9fe500000,0x000000c9fe600000) (1024K)]
  0x000001d7f1434bc0 JavaThread "ForkJoinPool.commonPool-worker-1" daemon [_thread_blocked, id=28308, stack(0x000000c9fb800000,0x000000c9fb900000) (1024K)]
  0x000001d7f1433ea0 JavaThread "process reaper"             daemon [_thread_blocked, id=22788, stack(0x000000c9f9bd0000,0x000000c9f9bf0000) (128K)]
  0x000001d7f1435250 JavaThread "ForkJoinPool.commonPool-worker-2" daemon [_thread_blocked, id=26860, stack(0x000000c9fdc00000,0x000000c9fdd00000) (1024K)]
Total: 35

Other Threads:
  0x000001d7dde0cd30 VMThread "VM Thread"                           [id=7600, stack(0x000000c9fa900000,0x000000c9faa00000) (1024K)]
  0x000001d7dddd5a90 WatcherThread "VM Periodic Task Thread"        [id=24204, stack(0x000000c9fa800000,0x000000c9fa900000) (1024K)]
  0x000001d7c3be0870 WorkerThread "GC Thread#0"                     [id=4580, stack(0x000000c9fa300000,0x000000c9fa400000) (1024K)]
  0x000001d7e3c7f740 WorkerThread "GC Thread#1"                     [id=13532, stack(0x000000c9fbe00000,0x000000c9fbf00000) (1024K)]
  0x000001d7e3c7fae0 WorkerThread "GC Thread#2"                     [id=13612, stack(0x000000c9fbf00000,0x000000c9fc000000) (1024K)]
  0x000001d7e3c7fe80 WorkerThread "GC Thread#3"                     [id=23756, stack(0x000000c9fc000000,0x000000c9fc100000) (1024K)]
  0x000001d7e3c80220 WorkerThread "GC Thread#4"                     [id=24944, stack(0x000000c9fc100000,0x000000c9fc200000) (1024K)]
  0x000001d7e3b7f300 WorkerThread "GC Thread#5"                     [id=14328, stack(0x000000c9fc200000,0x000000c9fc300000) (1024K)]
  0x000001d7e3b7f6a0 WorkerThread "GC Thread#6"                     [id=6472, stack(0x000000c9fc300000,0x000000c9fc400000) (1024K)]
  0x000001d7e3b7fa40 WorkerThread "GC Thread#7"                     [id=24636, stack(0x000000c9fc400000,0x000000c9fc500000) (1024K)]
  0x000001d7e3bb59b0 WorkerThread "GC Thread#8"                     [id=10936, stack(0x000000c9fb900000,0x000000c9fba00000) (1024K)]
  0x000001d7e3bb5610 WorkerThread "GC Thread#9"                     [id=26112, stack(0x000000c9fc900000,0x000000c9fca00000) (1024K)]
  0x000001d7c3bf24f0 ConcurrentGCThread "G1 Main Marker"            [id=12716, stack(0x000000c9fa400000,0x000000c9fa500000) (1024K)]
  0x000001d7c3bf2f00 WorkerThread "G1 Conc#0"                       [id=20012, stack(0x000000c9fa500000,0x000000c9fa600000) (1024K)]
  0x000001d7e3bb5d50 WorkerThread "G1 Conc#1"                       [id=9488, stack(0x000000c9fca00000,0x000000c9fcb00000) (1024K)]
  0x000001d7e3bb4790 WorkerThread "G1 Conc#2"                       [id=12736, stack(0x000000c9fcb00000,0x000000c9fcc00000) (1024K)]
  0x000001d7ddc99490 ConcurrentGCThread "G1 Refine#0"               [id=23520, stack(0x000000c9fa600000,0x000000c9fa700000) (1024K)]
  0x000001d7ddc99cb0 ConcurrentGCThread "G1 Service"                [id=21644, stack(0x000000c9fa700000,0x000000c9fa800000) (1024K)]
Total: 18

Threads with active compile tasks:
Total: 0

VM state: not at safepoint (normal execution)

VM Mutex/Monitor currently owned by a thread: None

Heap address: 0x0000000700a00000, size: 4086 MB, Compressed Oops mode: Zero based, Oop shift amount: 3

CDS archive(s) not mapped
Compressed class space mapped at: 0x0000000800000000-0x0000000840000000, reserved size: 1073741824
Narrow klass base: 0x0000000800000000, Narrow klass shift: 0, Narrow klass range: 0x40000000

GC Precious Log:
 CardTable entry size: 512
 Card Set container configuration: InlinePtr #cards 4 size 8 Array Of Cards #cards 16 size 48 Howl #buckets 8 coarsen threshold 3686 Howl Bitmap #cards 512 size 80 coarsen threshold 460 Card regions per heap region 1 cards per card region 4096
 CPUs: 12 total, 12 available
 Memory: 16337M
 Large Page Support: Disabled
 NUMA Support: Disabled
 Compressed Oops: Enabled (Zero based)
 Heap Region Size: 2M
 Heap Min Capacity: 8M
 Heap Initial Capacity: 256M
 Heap Max Capacity: 4086M
 Pre-touch: Disabled
 Parallel Workers: 10
 Concurrent Workers: 3
 Concurrent Refinement Workers: 10
 Periodic GC: Disabled

Heap:
 garbage-first heap   total 143360K, used 17095K [0x0000000700a00000, 0x0000000800000000)
  region size 2048K, 7 young (14336K), 1 survivors (2048K)
 Metaspace       used 38408K, committed 38912K, reserved 1114112K
  class space    used 3817K, committed 4032K, reserved 1048576K

Heap Regions: E=young(eden), S=young(survivor), O=old, HS=humongous(starts), HC=humongous(continues), CS=collection set, F=free, TAMS=top-at-mark-start, PB=parsable bottom
|   0|0x0000000700a00000, 0x0000000700c00000, 0x0000000700c00000|100%| O|  |TAMS 0x0000000700a00000| PB 0x0000000700a00000| Untracked 
|   1|0x0000000700c00000, 0x0000000700e00000, 0x0000000700e00000|100%| O|  |TAMS 0x0000000700c00000| PB 0x0000000700c00000| Untracked 
|   2|0x0000000700e00000, 0x0000000701000000, 0x0000000701000000|100%| O|  |TAMS 0x0000000700e00000| PB 0x0000000700e00000| Untracked 
|   3|0x0000000701000000, 0x0000000701200000, 0x0000000701200000|100%|HS|  |TAMS 0x0000000701000000| PB 0x0000000701000000| Complete 
|   4|0x0000000701200000, 0x0000000701200000, 0x0000000701400000|  0%| F|  |TAMS 0x0000000701200000| PB 0x0000000701200000| Untracked 
|   5|0x0000000701400000, 0x0000000701453750, 0x0000000701600000| 16%| O|  |TAMS 0x0000000701400000| PB 0x0000000701400000| Untracked 
|   6|0x0000000701600000, 0x000000070165e740, 0x0000000701800000| 18%| S|CS|TAMS 0x0000000701600000| PB 0x0000000701600000| Complete 
|   7|0x0000000701800000, 0x0000000701800000, 0x0000000701a00000|  0%| F|  |TAMS 0x0000000701800000| PB 0x0000000701800000| Untracked 
|   8|0x0000000701a00000, 0x0000000701a00000, 0x0000000701c00000|  0%| F|  |TAMS 0x0000000701a00000| PB 0x0000000701a00000| Untracked 
|   9|0x0000000701c00000, 0x0000000701c00000, 0x0000000701e00000|  0%| F|  |TAMS 0x0000000701c00000| PB 0x0000000701c00000| Untracked 
|  10|0x0000000701e00000, 0x0000000701e00000, 0x0000000702000000|  0%| F|  |TAMS 0x0000000701e00000| PB 0x0000000701e00000| Untracked 
|  11|0x0000000702000000, 0x0000000702000000, 0x0000000702200000|  0%| F|  |TAMS 0x0000000702000000| PB 0x0000000702000000| Untracked 
|  12|0x0000000702200000, 0x0000000702200000, 0x0000000702400000|  0%| F|  |TAMS 0x0000000702200000| PB 0x0000000702200000| Untracked 
|  13|0x0000000702400000, 0x0000000702400000, 0x0000000702600000|  0%| F|  |TAMS 0x0000000702400000| PB 0x0000000702400000| Untracked 
|  14|0x0000000702600000, 0x0000000702600000, 0x0000000702800000|  0%| F|  |TAMS 0x0000000702600000| PB 0x0000000702600000| Untracked 
|  15|0x0000000702800000, 0x0000000702800000, 0x0000000702a00000|  0%| F|  |TAMS 0x0000000702800000| PB 0x0000000702800000| Untracked 
|  16|0x0000000702a00000, 0x0000000702a00000, 0x0000000702c00000|  0%| F|  |TAMS 0x0000000702a00000| PB 0x0000000702a00000| Untracked 
|  17|0x0000000702c00000, 0x0000000702c00000, 0x0000000702e00000|  0%| F|  |TAMS 0x0000000702c00000| PB 0x0000000702c00000| Untracked 
|  18|0x0000000702e00000, 0x0000000702e00000, 0x0000000703000000|  0%| F|  |TAMS 0x0000000702e00000| PB 0x0000000702e00000| Untracked 
|  19|0x0000000703000000, 0x0000000703000000, 0x0000000703200000|  0%| F|  |TAMS 0x0000000703000000| PB 0x0000000703000000| Untracked 
|  20|0x0000000703200000, 0x0000000703200000, 0x0000000703400000|  0%| F|  |TAMS 0x0000000703200000| PB 0x0000000703200000| Untracked 
|  21|0x0000000703400000, 0x0000000703400000, 0x0000000703600000|  0%| F|  |TAMS 0x0000000703400000| PB 0x0000000703400000| Untracked 
|  22|0x0000000703600000, 0x0000000703600000, 0x0000000703800000|  0%| F|  |TAMS 0x0000000703600000| PB 0x0000000703600000| Untracked 
|  23|0x0000000703800000, 0x0000000703800000, 0x0000000703a00000|  0%| F|  |TAMS 0x0000000703800000| PB 0x0000000703800000| Untracked 
|  24|0x0000000703a00000, 0x0000000703a00000, 0x0000000703c00000|  0%| F|  |TAMS 0x0000000703a00000| PB 0x0000000703a00000| Untracked 
|  25|0x0000000703c00000, 0x0000000703c00000, 0x0000000703e00000|  0%| F|  |TAMS 0x0000000703c00000| PB 0x0000000703c00000| Untracked 
|  26|0x0000000703e00000, 0x0000000703e00000, 0x0000000704000000|  0%| F|  |TAMS 0x0000000703e00000| PB 0x0000000703e00000| Untracked 
|  27|0x0000000704000000, 0x0000000704000000, 0x0000000704200000|  0%| F|  |TAMS 0x0000000704000000| PB 0x0000000704000000| Untracked 
|  28|0x0000000704200000, 0x0000000704200000, 0x0000000704400000|  0%| F|  |TAMS 0x0000000704200000| PB 0x0000000704200000| Untracked 
|  29|0x0000000704400000, 0x0000000704400000, 0x0000000704600000|  0%| F|  |TAMS 0x0000000704400000| PB 0x0000000704400000| Untracked 
|  30|0x0000000704600000, 0x0000000704600000, 0x0000000704800000|  0%| F|  |TAMS 0x0000000704600000| PB 0x0000000704600000| Untracked 
|  31|0x0000000704800000, 0x0000000704800000, 0x0000000704a00000|  0%| F|  |TAMS 0x0000000704800000| PB 0x0000000704800000| Untracked 
|  32|0x0000000704a00000, 0x0000000704a00000, 0x0000000704c00000|  0%| F|  |TAMS 0x0000000704a00000| PB 0x0000000704a00000| Untracked 
|  33|0x0000000704c00000, 0x0000000704c00000, 0x0000000704e00000|  0%| F|  |TAMS 0x0000000704c00000| PB 0x0000000704c00000| Untracked 
|  34|0x0000000704e00000, 0x0000000704e00000, 0x0000000705000000|  0%| F|  |TAMS 0x0000000704e00000| PB 0x0000000704e00000| Untracked 
|  35|0x0000000705000000, 0x0000000705000000, 0x0000000705200000|  0%| F|  |TAMS 0x0000000705000000| PB 0x0000000705000000| Untracked 
|  36|0x0000000705200000, 0x0000000705200000, 0x0000000705400000|  0%| F|  |TAMS 0x0000000705200000| PB 0x0000000705200000| Untracked 
|  37|0x0000000705400000, 0x0000000705400000, 0x0000000705600000|  0%| F|  |TAMS 0x0000000705400000| PB 0x0000000705400000| Untracked 
|  38|0x0000000705600000, 0x0000000705600000, 0x0000000705800000|  0%| F|  |TAMS 0x0000000705600000| PB 0x0000000705600000| Untracked 
|  39|0x0000000705800000, 0x0000000705800000, 0x0000000705a00000|  0%| F|  |TAMS 0x0000000705800000| PB 0x0000000705800000| Untracked 
|  40|0x0000000705a00000, 0x0000000705a00000, 0x0000000705c00000|  0%| F|  |TAMS 0x0000000705a00000| PB 0x0000000705a00000| Untracked 
|  41|0x0000000705c00000, 0x0000000705c00000, 0x0000000705e00000|  0%| F|  |TAMS 0x0000000705c00000| PB 0x0000000705c00000| Untracked 
|  42|0x0000000705e00000, 0x0000000705e00000, 0x0000000706000000|  0%| F|  |TAMS 0x0000000705e00000| PB 0x0000000705e00000| Untracked 
|  43|0x0000000706000000, 0x0000000706000000, 0x0000000706200000|  0%| F|  |TAMS 0x0000000706000000| PB 0x0000000706000000| Untracked 
|  44|0x0000000706200000, 0x0000000706200000, 0x0000000706400000|  0%| F|  |TAMS 0x0000000706200000| PB 0x0000000706200000| Untracked 
|  45|0x0000000706400000, 0x0000000706400000, 0x0000000706600000|  0%| F|  |TAMS 0x0000000706400000| PB 0x0000000706400000| Untracked 
|  46|0x0000000706600000, 0x0000000706600000, 0x0000000706800000|  0%| F|  |TAMS 0x0000000706600000| PB 0x0000000706600000| Untracked 
|  47|0x0000000706800000, 0x0000000706800000, 0x0000000706a00000|  0%| F|  |TAMS 0x0000000706800000| PB 0x0000000706800000| Untracked 
|  48|0x0000000706a00000, 0x0000000706a00000, 0x0000000706c00000|  0%| F|  |TAMS 0x0000000706a00000| PB 0x0000000706a00000| Untracked 
|  49|0x0000000706c00000, 0x0000000706c00000, 0x0000000706e00000|  0%| F|  |TAMS 0x0000000706c00000| PB 0x0000000706c00000| Untracked 
|  50|0x0000000706e00000, 0x0000000706e00000, 0x0000000707000000|  0%| F|  |TAMS 0x0000000706e00000| PB 0x0000000706e00000| Untracked 
|  51|0x0000000707000000, 0x0000000707000000, 0x0000000707200000|  0%| F|  |TAMS 0x0000000707000000| PB 0x0000000707000000| Untracked 
|  52|0x0000000707200000, 0x0000000707200000, 0x0000000707400000|  0%| F|  |TAMS 0x0000000707200000| PB 0x0000000707200000| Untracked 
|  53|0x0000000707400000, 0x0000000707400000, 0x0000000707600000|  0%| F|  |TAMS 0x0000000707400000| PB 0x0000000707400000| Untracked 
|  54|0x0000000707600000, 0x0000000707600000, 0x0000000707800000|  0%| F|  |TAMS 0x0000000707600000| PB 0x0000000707600000| Untracked 
|  55|0x0000000707800000, 0x0000000707800000, 0x0000000707a00000|  0%| F|  |TAMS 0x0000000707800000| PB 0x0000000707800000| Untracked 
|  56|0x0000000707a00000, 0x0000000707a00000, 0x0000000707c00000|  0%| F|  |TAMS 0x0000000707a00000| PB 0x0000000707a00000| Untracked 
|  57|0x0000000707c00000, 0x0000000707c00000, 0x0000000707e00000|  0%| F|  |TAMS 0x0000000707c00000| PB 0x0000000707c00000| Untracked 
|  58|0x0000000707e00000, 0x0000000707e00000, 0x0000000708000000|  0%| F|  |TAMS 0x0000000707e00000| PB 0x0000000707e00000| Untracked 
|  59|0x0000000708000000, 0x0000000708000000, 0x0000000708200000|  0%| F|  |TAMS 0x0000000708000000| PB 0x0000000708000000| Untracked 
|  60|0x0000000708200000, 0x0000000708200000, 0x0000000708400000|  0%| F|  |TAMS 0x0000000708200000| PB 0x0000000708200000| Untracked 
|  61|0x0000000708400000, 0x0000000708400000, 0x0000000708600000|  0%| F|  |TAMS 0x0000000708400000| PB 0x0000000708400000| Untracked 
|  62|0x0000000708600000, 0x0000000708600000, 0x0000000708800000|  0%| F|  |TAMS 0x0000000708600000| PB 0x0000000708600000| Untracked 
|  63|0x0000000708800000, 0x0000000708800000, 0x0000000708a00000|  0%| F|  |TAMS 0x0000000708800000| PB 0x0000000708800000| Untracked 
|  64|0x0000000708a00000, 0x0000000708b2abc8, 0x0000000708c00000| 58%| E|  |TAMS 0x0000000708a00000| PB 0x0000000708a00000| Complete 
|  65|0x0000000708c00000, 0x0000000708e00000, 0x0000000708e00000|100%| E|  |TAMS 0x0000000708c00000| PB 0x0000000708c00000| Complete 
|  66|0x0000000708e00000, 0x0000000709000000, 0x0000000709000000|100%| E|CS|TAMS 0x0000000708e00000| PB 0x0000000708e00000| Complete 
|  67|0x0000000709000000, 0x0000000709200000, 0x0000000709200000|100%| E|CS|TAMS 0x0000000709000000| PB 0x0000000709000000| Complete 
| 118|0x000000070f600000, 0x000000070f800000, 0x000000070f800000|100%| E|CS|TAMS 0x000000070f600000| PB 0x000000070f600000| Complete 
| 127|0x0000000710800000, 0x0000000710a00000, 0x0000000710a00000|100%| E|CS|TAMS 0x0000000710800000| PB 0x0000000710800000| Complete 

Card table byte_map: [0x000001d7d7210000,0x000001d7d7a10000] _byte_map_base: 0x000001d7d3a0b000

Marking Bits: (CMBitMap*) 0x000001d7c3be0e80
 Bits: [0x000001d7d7a10000, 0x000001d7db9e8000)

Polling page: 0x000001d7c2350000

Metaspace:

Usage:
  Non-class:     33.78 MB used.
      Class:      3.73 MB used.
       Both:     37.51 MB used.

Virtual space:
  Non-class space:       64.00 MB reserved,      34.06 MB ( 53%) committed,  1 nodes.
      Class space:        1.00 GB reserved,       3.94 MB ( <1%) committed,  1 nodes.
             Both:        1.06 GB reserved,      38.00 MB (  3%) committed. 

Chunk freelists:
   Non-Class:  13.98 MB
       Class:  12.11 MB
        Both:  26.09 MB

MaxMetaspaceSize: unlimited
CompressedClassSpaceSize: 1.00 GB
Initial GC threshold: 21.00 MB
Current GC threshold: 62.19 MB
CDS: off
 - commit_granule_bytes: 65536.
 - commit_granule_words: 8192.
 - virtual_space_node_default_size: 8388608.
 - enlarge_chunks_in_place: 1.
 - use_allocation_guard: 0.


Internal statistics:

num_allocs_failed_limit: 6.
num_arena_births: 626.
num_arena_deaths: 0.
num_vsnodes_births: 2.
num_vsnodes_deaths: 0.
num_space_committed: 608.
num_space_uncommitted: 0.
num_chunks_returned_to_freelist: 6.
num_chunks_taken_from_freelist: 1594.
num_chunk_merges: 6.
num_chunk_splits: 1043.
num_chunks_enlarged: 729.
num_inconsistent_stats: 0.

CodeHeap 'non-profiled nmethods': size=120000Kb used=2395Kb max_used=2395Kb free=117604Kb
 bounds [0x000001d7ce860000, 0x000001d7cead0000, 0x000001d7d5d90000]
CodeHeap 'profiled nmethods': size=120000Kb used=11843Kb max_used=11843Kb free=108156Kb
 bounds [0x000001d7c6d90000, 0x000001d7c7950000, 0x000001d7ce2c0000]
CodeHeap 'non-nmethods': size=5760Kb used=2252Kb max_used=2308Kb free=3507Kb
 bounds [0x000001d7ce2c0000, 0x000001d7ce530000, 0x000001d7ce860000]
 total_blobs=6019 nmethods=4830 adapters=1093
 compilation: enabled
              stopped_count=0, restarted_count=0
 full_count=0

Compilation events (20 events):
Event: 22.542 Thread 0x000001d7de8a0270 5024   !   4       androidx.compose.runtime.CompositionImpl::invalidate (150 bytes)
Event: 22.550 Thread 0x000001d7de8a0270 nmethod 5024 0x000001d7ceaabc10 code [0x000001d7ceaabde0, 0x000001d7ceaac2f0]
Event: 22.644 Thread 0x000001d7de8a0270 5025       4       java.lang.Thread::interrupted (7 bytes)
Event: 22.645 Thread 0x000001d7de8a0270 nmethod 5025 0x000001d7ceaaca10 code [0x000001d7ceaacba0, 0x000001d7ceaacc38]
Event: 22.725 Thread 0x000001d7de8a0270 5026       4       androidx.compose.runtime.ComposerImpl::updateComposerInvalidations-RY85e9Y (351 bytes)
Event: 22.748 Thread 0x000001d7de8a0270 nmethod 5026 0x000001d7ceaacd10 code [0x000001d7ceaacf40, 0x000001d7ceaadde0]
Event: 22.791 Thread 0x000001d7de8a0270 5027       4       java.util.ArrayList::toArray (12 bytes)
Event: 22.794 Thread 0x000001d7de8a0270 nmethod 5027 0x000001d7ceaae990 code [0x000001d7ceaaeb20, 0x000001d7ceaaee38]
Event: 23.345 Thread 0x000001d7de8a0270 5028       4       androidx.compose.runtime.snapshots.SnapshotKt::checkAndOverwriteUnusedRecordsLocked (157 bytes)
Event: 23.346 Thread 0x000001d7de8a0270 nmethod 5028 0x000001d7ceaaef90 code [0x000001d7ceaaf120, 0x000001d7ceaaf1d0]
Event: 23.375 Thread 0x000001d7de8a4020 5029       3       java.lang.invoke.LambdaForm$MH/0x0000000800113800::invoke (27 bytes)
Event: 23.375 Thread 0x000001d7de8a4020 nmethod 5029 0x000001d7c7063990 code [0x000001d7c7063b60, 0x000001d7c7063fc0]
Event: 23.377 Thread 0x000001d7de8a4020 5030       3       java.util.IdentityHashMap$IdentityHashMapIterator::nextIndex (72 bytes)
Event: 23.378 Thread 0x000001d7de8a4020 nmethod 5030 0x000001d7c7065090 code [0x000001d7c7065280, 0x000001d7c70656b8]
Event: 23.380 Thread 0x000001d7de8a4020 5031       3       java.lang.Module::implIsExportedOrOpen (92 bytes)
Event: 23.381 Thread 0x000001d7de8a4020 nmethod 5031 0x000001d7c6e2c590 code [0x000001d7c6e2c7c0, 0x000001d7c6e2ceb8]
Event: 23.381 Thread 0x000001d7de8a4020 5033       3       java.lang.invoke.MethodHandles::argumentsWithCombinerChecks (197 bytes)
Event: 23.383 Thread 0x000001d7de8a4020 nmethod 5033 0x000001d7c7094990 code [0x000001d7c7094dc0, 0x000001d7c70966b0]
Event: 23.383 Thread 0x000001d7de8a4020 5032       3       java.lang.invoke.MethodHandles::argumentsWithCombiner (130 bytes)
Event: 23.384 Thread 0x000001d7de8a4020 nmethod 5032 0x000001d7c6df3790 code [0x000001d7c6df3a40, 0x000001d7c6df4920]

GC Heap History (20 events):
Event: 3.471 GC heap before
{Heap before GC invocations=1 (full 0):
 garbage-first heap   total 262144K, used 20002K [0x0000000700a00000, 0x0000000800000000)
  region size 2048K, 11 young (22528K), 2 survivors (4096K)
 Metaspace       used 21235K, committed 21504K, reserved 1114112K
  class space    used 2007K, committed 2176K, reserved 1048576K
}
Event: 3.476 GC heap after
{Heap after GC invocations=2 (full 0):
 garbage-first heap   total 262144K, used 4257K [0x0000000700a00000, 0x0000000800000000)
  region size 2048K, 1 young (2048K), 1 survivors (2048K)
 Metaspace       used 21235K, committed 21504K, reserved 1114112K
  class space    used 2007K, committed 2176K, reserved 1048576K
}
Event: 3.810 GC heap before
{Heap before GC invocations=3 (full 0):
 garbage-first heap   total 20480K, used 16545K [0x0000000700a00000, 0x0000000800000000)
  region size 2048K, 8 young (16384K), 1 survivors (2048K)
 Metaspace       used 26642K, committed 26944K, reserved 1114112K
  class space    used 2678K, committed 2816K, reserved 1048576K
}
Event: 3.812 GC heap after
{Heap after GC invocations=4 (full 0):
 garbage-first heap   total 22528K, used 5187K [0x0000000700a00000, 0x0000000800000000)
  region size 2048K, 1 young (2048K), 1 survivors (2048K)
 Metaspace       used 26642K, committed 26944K, reserved 1114112K
  class space    used 2678K, committed 2816K, reserved 1048576K
}
Event: 4.049 GC heap before
{Heap before GC invocations=4 (full 0):
 garbage-first heap   total 22528K, used 15427K [0x0000000700a00000, 0x0000000800000000)
  region size 2048K, 6 young (12288K), 1 survivors (2048K)
 Metaspace       used 29683K, committed 30016K, reserved 1114112K
  class space    used 2999K, committed 3200K, reserved 1048576K
}
Event: 4.053 GC heap after
{Heap after GC invocations=5 (full 0):
 garbage-first heap   total 22528K, used 5385K [0x0000000700a00000, 0x0000000800000000)
  region size 2048K, 1 young (2048K), 1 survivors (2048K)
 Metaspace       used 29683K, committed 30016K, reserved 1114112K
  class space    used 2999K, committed 3200K, reserved 1048576K
}
Event: 4.567 GC heap before
{Heap before GC invocations=5 (full 0):
 garbage-first heap   total 22528K, used 13577K [0x0000000700a00000, 0x0000000800000000)
  region size 2048K, 6 young (12288K), 1 survivors (2048K)
 Metaspace       used 31680K, committed 32000K, reserved 1114112K
  class space    used 3227K, committed 3392K, reserved 1048576K
}
Event: 4.569 GC heap after
{Heap after GC invocations=6 (full 0):
 garbage-first heap   total 22528K, used 5844K [0x0000000700a00000, 0x0000000800000000)
  region size 2048K, 1 young (2048K), 1 survivors (2048K)
 Metaspace       used 31680K, committed 32000K, reserved 1114112K
  class space    used 3227K, committed 3392K, reserved 1048576K
}
Event: 5.057 GC heap before
{Heap before GC invocations=6 (full 0):
 garbage-first heap   total 22528K, used 14036K [0x0000000700a00000, 0x0000000800000000)
  region size 2048K, 6 young (12288K), 1 survivors (2048K)
 Metaspace       used 35081K, committed 35584K, reserved 1114112K
  class space    used 3606K, committed 3840K, reserved 1048576K
}
Event: 5.060 GC heap after
{Heap after GC invocations=7 (full 0):
 garbage-first heap   total 22528K, used 6528K [0x0000000700a00000, 0x0000000800000000)
  region size 2048K, 1 young (2048K), 1 survivors (2048K)
 Metaspace       used 35081K, committed 35584K, reserved 1114112K
  class space    used 3606K, committed 3840K, reserved 1048576K
}
Event: 5.121 GC heap before
{Heap before GC invocations=7 (full 0):
 garbage-first heap   total 22528K, used 6528K [0x0000000700a00000, 0x0000000800000000)
  region size 2048K, 2 young (4096K), 1 survivors (2048K)
 Metaspace       used 35458K, committed 35968K, reserved 1114112K
  class space    used 3653K, committed 3904K, reserved 1048576K
}
Event: 5.124 GC heap after
{Heap after GC invocations=8 (full 0):
 garbage-first heap   total 22528K, used 6726K [0x0000000700a00000, 0x0000000800000000)
  region size 2048K, 1 young (2048K), 1 survivors (2048K)
 Metaspace       used 35458K, committed 35968K, reserved 1114112K
  class space    used 3653K, committed 3904K, reserved 1048576K
}
Event: 9.015 GC heap before
{Heap before GC invocations=9 (full 0):
 garbage-first heap   total 22528K, used 19014K [0x0000000700a00000, 0x0000000800000000)
  region size 2048K, 6 young (12288K), 1 survivors (2048K)
 Metaspace       used 37563K, committed 38080K, reserved 1114112K
  class space    used 3754K, committed 3968K, reserved 1048576K
}
Event: 9.017 GC heap after
{Heap after GC invocations=10 (full 0):
 garbage-first heap   total 22528K, used 9000K [0x0000000700a00000, 0x0000000800000000)
  region size 2048K, 1 young (2048K), 1 survivors (2048K)
 Metaspace       used 37563K, committed 38080K, reserved 1114112K
  class space    used 3754K, committed 3968K, reserved 1048576K
}
Event: 12.830 GC heap before
{Heap before GC invocations=10 (full 0):
 garbage-first heap   total 22528K, used 17192K [0x0000000700a00000, 0x0000000800000000)
  region size 2048K, 5 young (10240K), 1 survivors (2048K)
 Metaspace       used 37720K, committed 38208K, reserved 1114112K
  class space    used 3754K, committed 3968K, reserved 1048576K
}
Event: 12.832 GC heap after
{Heap after GC invocations=11 (full 0):
 garbage-first heap   total 22528K, used 9028K [0x0000000700a00000, 0x0000000800000000)
  region size 2048K, 1 young (2048K), 1 survivors (2048K)
 Metaspace       used 37720K, committed 38208K, reserved 1114112K
  class space    used 3754K, committed 3968K, reserved 1048576K
}
Event: 15.725 GC heap before
{Heap before GC invocations=11 (full 0):
 garbage-first heap   total 22528K, used 15172K [0x0000000700a00000, 0x0000000800000000)
  region size 2048K, 4 young (8192K), 1 survivors (2048K)
 Metaspace       used 37756K, committed 38208K, reserved 1114112K
  class space    used 3754K, committed 3968K, reserved 1048576K
}
Event: 15.727 GC heap after
{Heap after GC invocations=12 (full 0):
 garbage-first heap   total 22528K, used 8981K [0x0000000700a00000, 0x0000000800000000)
  region size 2048K, 1 young (2048K), 1 survivors (2048K)
 Metaspace       used 37756K, committed 38208K, reserved 1114112K
  class space    used 3754K, committed 3968K, reserved 1048576K
}
Event: 18.672 GC heap before
{Heap before GC invocations=13 (full 0):
 garbage-first heap   total 22528K, used 15125K [0x0000000700a00000, 0x0000000800000000)
  region size 2048K, 4 young (8192K), 1 survivors (2048K)
 Metaspace       used 37763K, committed 38208K, reserved 1114112K
  class space    used 3754K, committed 3968K, reserved 1048576K
}
Event: 18.674 GC heap after
{Heap after GC invocations=14 (full 0):
 garbage-first heap   total 143360K, used 8903K [0x0000000700a00000, 0x0000000800000000)
  region size 2048K, 1 young (2048K), 1 survivors (2048K)
 Metaspace       used 37763K, committed 38208K, reserved 1114112K
  class space    used 3754K, committed 3968K, reserved 1048576K
}

Dll operation events (2 events):
Event: 0.010 Loaded shared library C:\Program Files\Android\Android Studio\jbr\bin\java.dll
Event: 0.018 Loaded shared library C:\Program Files\Android\Android Studio\jbr\bin\zip.dll

Deoptimization events (20 events):
Event: 13.409 Thread 0x000001d7e3eba5b0 Uncommon trap: trap_request=0xffffff3d fr.pc=0x000001d7cea3bc0c relative=0x00000000000001ec
Event: 13.409 Thread 0x000001d7e3eba5b0 Uncommon trap: reason=unstable_fused_if action=reinterpret pc=0x000001d7cea3bc0c method=kotlin.collections.ArrayDeque.ensureCapacity(I)V @ 1 c2
Event: 13.409 Thread 0x000001d7e3eba5b0 DEOPT PACKING pc=0x000001d7cea3bc0c sp=0x000000c9fb7fef50
Event: 13.409 Thread 0x000001d7e3eba5b0 DEOPT UNPACKING pc=0x000001d7ce3146a2 sp=0x000000c9fb7feea0 mode 2
Event: 23.366 Thread 0x000001d7e374ff90 Uncommon trap: trap_request=0xffffff45 fr.pc=0x000001d7ce908870 relative=0x00000000000007b0
Event: 23.366 Thread 0x000001d7e374ff90 Uncommon trap: reason=unstable_if action=reinterpret pc=0x000001d7ce908870 method=kotlin.Result.exceptionOrNull-impl(Ljava/lang/Object;)Ljava/lang/Throwable; @ 4 c2
Event: 23.366 Thread 0x000001d7e374ff90 DEOPT PACKING pc=0x000001d7ce908870 sp=0x000000c9fbcfee00
Event: 23.366 Thread 0x000001d7e374ff90 DEOPT UNPACKING pc=0x000001d7ce3146a2 sp=0x000000c9fbcfece0 mode 2
Event: 23.366 Thread 0x000001d7e374ff90 Uncommon trap: trap_request=0xffffff45 fr.pc=0x000001d7cea3a754 relative=0x0000000000000414
Event: 23.366 Thread 0x000001d7e374ff90 Uncommon trap: reason=unstable_if action=reinterpret pc=0x000001d7cea3a754 method=kotlinx.coroutines.CancellableContinuationImpl.resumedState(Lkotlinx/coroutines/NotCompleted;Ljava/lang/Object;ILkotlin/jvm/functions/Function3;Ljava/lang/Object;)Ljava/lang
Event: 23.366 Thread 0x000001d7e374ff90 DEOPT PACKING pc=0x000001d7cea3a754 sp=0x000000c9fbcfec00
Event: 23.366 Thread 0x000001d7e374ff90 DEOPT UNPACKING pc=0x000001d7ce3146a2 sp=0x000000c9fbcfeb98 mode 2
Event: 23.368 Thread 0x000001d7e3750620 Uncommon trap: trap_request=0xffffffcc fr.pc=0x000001d7cea2cb3c relative=0x00000000000001fc
Event: 23.368 Thread 0x000001d7e3750620 Uncommon trap: reason=intrinsic_or_type_checked_inlining action=make_not_entrant pc=0x000001d7cea2cb3c method=java.util.Arrays.copyOf([Ljava/lang/Object;ILjava/lang/Class;)[Ljava/lang/Object; @ 35 c2
Event: 23.368 Thread 0x000001d7e3750620 DEOPT PACKING pc=0x000001d7cea2cb3c sp=0x000000c9fbafeef0
Event: 23.368 Thread 0x000001d7e3750620 DEOPT UNPACKING pc=0x000001d7ce3146a2 sp=0x000000c9fbafee98 mode 2
Event: 23.372 Thread 0x000001d7e3750620 Uncommon trap: trap_request=0xffffff45 fr.pc=0x000001d7cea20714 relative=0x0000000000000074
Event: 23.372 Thread 0x000001d7e3750620 Uncommon trap: reason=unstable_if action=reinterpret pc=0x000001d7cea20714 method=kotlin.SynchronizedLazyImpl.getValue()Ljava/lang/Object; @ 9 c2
Event: 23.372 Thread 0x000001d7e3750620 DEOPT PACKING pc=0x000001d7cea20714 sp=0x000000c9fbaff0c0
Event: 23.372 Thread 0x000001d7e3750620 DEOPT UNPACKING pc=0x000001d7ce3146a2 sp=0x000000c9fbaff030 mode 2

Classes loaded (20 events):
Event: 5.703 Loading class java/awt/GraphicsCallback$PaintCallback
Event: 5.703 Loading class java/awt/GraphicsCallback
Event: 5.703 Loading class sun/awt/SunGraphicsCallback
Event: 5.703 Loading class sun/awt/SunGraphicsCallback done
Event: 5.703 Loading class java/awt/GraphicsCallback done
Event: 5.703 Loading class java/awt/GraphicsCallback$PaintCallback done
Event: 9.320 Loading class java/security/DomainCombiner
Event: 9.320 Loading class java/security/DomainCombiner done
Event: 23.366 Loading class sun/net/ConnectionResetException
Event: 23.366 Loading class java/net/SocketException
Event: 23.366 Loading class java/net/SocketException done
Event: 23.366 Loading class sun/net/ConnectionResetException done
Event: 23.366 Loading class java/io/InterruptedIOException
Event: 23.366 Loading class java/io/InterruptedIOException done
Event: 23.366 Loading class java/net/SocketTimeoutException
Event: 23.366 Loading class java/net/SocketTimeoutException done
Event: 23.378 Loading class java/util/WeakHashMap$KeyIterator
Event: 23.378 Loading class java/util/WeakHashMap$HashIterator
Event: 23.378 Loading class java/util/WeakHashMap$HashIterator done
Event: 23.378 Loading class java/util/WeakHashMap$KeyIterator done

Classes unloaded (0 events):
No events

Classes redefined (0 events):
No events

Internal exceptions (20 events):
Event: 4.743 Thread 0x000001d7e3eba5b0 Exception <a 'java/lang/NoSuchMethodError'{0x0000000701ac0680}: 'java.lang.Object java.lang.invoke.Invokers$Holder.linkToTargetMethod(java.lang.Object, java.lang.Object, long, java.lang.Object)'> (0x0000000701ac0680) 
thrown [s\src\hotspot\share\interpreter\linkResolver.cpp, line 784]
Event: 4.775 Thread 0x000001d7e3eba5b0 Exception <a 'java/lang/NoSuchMethodError'{0x0000000701850028}: 'java.lang.Object java.lang.invoke.DirectMethodHandle$Holder.newInvokeSpecial(java.lang.Object, java.lang.Object, java.lang.Object, int, int, java.lang.Object, java.lang.Object)'> (0x0000000701850028) 
thrown [s\src\hotspot\share\interpreter\linkResolver.cpp, line 784]
Event: 4.776 Thread 0x000001d7e3eba5b0 Exception <a 'java/lang/NoSuchMethodError'{0x00000007018549a8}: 'java.lang.Object java.lang.invoke.DirectMethodHandle$Holder.invokeSpecial(java.lang.Object, java.lang.Object, java.lang.Object, java.lang.Object, int, int, java.lang.Object, java.lang.Object)'> (0x00000007018549a8) 
thrown [s\src\hotspot\share\interpreter\linkResolver.cpp, line 784]
Event: 4.780 Thread 0x000001d7e3eba5b0 Exception <a 'java/lang/NoSuchMethodError'{0x00000007018a8700}: 'java.lang.Object java.lang.invoke.DirectMethodHandle$Holder.invokeStatic(java.lang.Object, java.lang.Object, java.lang.Object, int, int, java.lang.Object, java.lang.Object)'> (0x00000007018a8700) 
thrown [s\src\hotspot\share\interpreter\linkResolver.cpp, line 784]
Event: 4.780 Thread 0x000001d7e3eba5b0 Exception <a 'java/lang/NoSuchMethodError'{0x00000007018b09d8}: 'java.lang.Object java.lang.invoke.DirectMethodHandle$Holder.newInvokeSpecial(java.lang.Object, java.lang.Object, java.lang.Object, int, int, java.lang.Object)'> (0x00000007018b09d8) 
thrown [s\src\hotspot\share\interpreter\linkResolver.cpp, line 784]
Event: 4.781 Thread 0x000001d7e3eba5b0 Exception <a 'java/lang/NoSuchMethodError'{0x00000007018b4f78}: 'java.lang.Object java.lang.invoke.DirectMethodHandle$Holder.invokeSpecial(java.lang.Object, java.lang.Object, java.lang.Object, java.lang.Object, int, int, java.lang.Object)'> (0x00000007018b4f78) 
thrown [s\src\hotspot\share\interpreter\linkResolver.cpp, line 784]
Event: 4.781 Thread 0x000001d7e3eba5b0 Exception <a 'java/lang/NoSuchMethodError'{0x00000007018b8da8}: 'java.lang.Object java.lang.invoke.Invokers$Holder.linkToTargetMethod(java.lang.Object, java.lang.Object, int, int, java.lang.Object, java.lang.Object)'> (0x00000007018b8da8) 
thrown [s\src\hotspot\share\interpreter\linkResolver.cpp, line 784]
Event: 4.810 Thread 0x000001d7e3eba5b0 Exception <a 'java/lang/NoSuchMethodError'{0x00000007019ed048}: 'java.lang.Object java.lang.invoke.DirectMethodHandle$Holder.newInvokeSpecial(java.lang.Object, java.lang.Object, java.lang.Object, java.lang.Object, long, java.lang.Object)'> (0x00000007019ed048) 
thrown [s\src\hotspot\share\interpreter\linkResolver.cpp, line 784]
Event: 4.811 Thread 0x000001d7e3eba5b0 Exception <a 'java/lang/NoSuchMethodError'{0x00000007019f16b0}: 'java.lang.Object java.lang.invoke.DirectMethodHandle$Holder.invokeSpecial(java.lang.Object, java.lang.Object, java.lang.Object, java.lang.Object, java.lang.Object, long, java.lang.Object)'> (0x00000007019f16b0) 
thrown [s\src\hotspot\share\interpreter\linkResolver.cpp, line 784]
Event: 5.056 Thread 0x000001d7e3eba5b0 Exception <a 'java/lang/NoSuchMethodError'{0x00000007017f3238}: 'java.lang.Object java.lang.invoke.DirectMethodHandle$Holder.invokeSpecial(java.lang.Object, java.lang.Object, java.lang.Object, java.lang.Object, java.lang.Object, java.lang.Object, java.lang.Object, java.lang.Object, int, int)'> (0x00000007017f3238) 
thrown [s\src\hotspot\share\interpreter\linkResolver.cpp, line 784]
Event: 5.061 Thread 0x000001d7e3eba5b0 Exception <a 'java/lang/NoSuchMethodError'{0x0000000710805628}: 'java.lang.Object java.lang.invoke.DirectMethodHandle$Holder.newInvokeSpecial(java.lang.Object, java.lang.Object, java.lang.Object, java.lang.Object, java.lang.Object, java.lang.Object, java.lang.Object, java.lang.Object, int, int)'> (0x0000000710805628) 
thrown [s\src\hotspot\share\interpreter\linkResolver.cpp, line 784]
Event: 5.061 Thread 0x000001d7e3eba5b0 Exception <a 'java/lang/NoSuchMethodError'{0x000000071080a568}: 'java.lang.Object java.lang.invoke.DirectMethodHandle$Holder.invokeSpecial(java.lang.Object, java.lang.Object, java.lang.Object, java.lang.Object, java.lang.Object, java.lang.Object, java.lang.Object, java.lang.Object, java.lang.Object, int, int)'> (0x000000071080a568) 
thrown [s\src\hotspot\share\interpreter\linkResolver.cpp, line 784]
Event: 5.115 Thread 0x000001d7e3eba5b0 Exception <a 'java/lang/NoSuchMethodError'{0x00000007109a4ec0}: 'java.lang.Object java.lang.invoke.DirectMethodHandle$Holder.invokeStatic(java.lang.Object, java.lang.Object, java.lang.Object, int, int, java.lang.Object)'> (0x00000007109a4ec0) 
thrown [s\src\hotspot\share\interpreter\linkResolver.cpp, line 784]
Event: 5.116 Thread 0x000001d7e3eba5b0 Exception <a 'java/lang/NoSuchMethodError'{0x00000007109ad470}: 'java.lang.Object java.lang.invoke.DirectMethodHandle$Holder.invokeStatic(java.lang.Object, java.lang.Object, java.lang.Object, long, java.lang.Object)'> (0x00000007109ad470) 
thrown [s\src\hotspot\share\interpreter\linkResolver.cpp, line 784]
Event: 5.252 Thread 0x000001d7e3eba5b0 Exception <a 'java/lang/NoSuchMethodError'{0x00000007108e3978}: 'java.lang.Object java.lang.invoke.DirectMethodHandle$Holder.invokeStatic(java.lang.Object, java.lang.Object, int, java.lang.Object, java.lang.Object)'> (0x00000007108e3978) 
thrown [s\src\hotspot\share\interpreter\linkResolver.cpp, line 784]
Event: 5.253 Thread 0x000001d7e3eba5b0 Exception <a 'java/lang/NoSuchMethodError'{0x00000007108eac10}: 'java.lang.Object java.lang.invoke.DirectMethodHandle$Holder.newInvokeSpecial(java.lang.Object, java.lang.Object, int, java.lang.Object)'> (0x00000007108eac10) 
thrown [s\src\hotspot\share\interpreter\linkResolver.cpp, line 784]
Event: 5.254 Thread 0x000001d7e3eba5b0 Exception <a 'java/lang/NoSuchMethodError'{0x00000007108eeb20}: 'java.lang.Object java.lang.invoke.DirectMethodHandle$Holder.invokeSpecial(java.lang.Object, java.lang.Object, java.lang.Object, int, java.lang.Object)'> (0x00000007108eeb20) 
thrown [s\src\hotspot\share\interpreter\linkResolver.cpp, line 784]
Event: 5.254 Thread 0x000001d7e3eba5b0 Exception <a 'java/lang/NoSuchMethodError'{0x00000007108f2538}: 'java.lang.Object java.lang.invoke.Invokers$Holder.linkToTargetMethod(java.lang.Object, int, java.lang.Object, java.lang.Object)'> (0x00000007108f2538) 
thrown [s\src\hotspot\share\interpreter\linkResolver.cpp, line 784]
Event: 5.264 Thread 0x000001d7e3eba5b0 Exception <a 'java/lang/NoSuchMethodError'{0x0000000710902490}: 'java.lang.Object java.lang.invoke.DirectMethodHandle$Holder.invokeStatic(java.lang.Object, long, java.lang.Object, java.lang.Object)'> (0x0000000710902490) 
thrown [s\src\hotspot\share\interpreter\linkResolver.cpp, line 784]
Event: 23.366 Thread 0x000001d7e374ff90 Exception <a 'sun/net/ConnectionResetException'{0x0000000708ce13b8}: Connection reset> (0x0000000708ce13b8) 
thrown [s\src\hotspot\share\prims\jni.cpp, line 567]

ZGC Phase Switch (0 events):
No events

VM Operations (20 events):
Event: 15.725 Executing VM operation: G1CollectForAllocation (G1 Evacuation Pause)
Event: 15.727 Executing VM operation: G1CollectForAllocation (G1 Evacuation Pause) done
Event: 15.732 Executing VM operation: G1PauseRemark
Event: 15.735 Executing VM operation: G1PauseRemark done
Event: 15.737 Executing VM operation: G1PauseCleanup
Event: 15.737 Executing VM operation: G1PauseCleanup done
Event: 16.741 Executing VM operation: Cleanup
Event: 16.741 Executing VM operation: Cleanup done
Event: 17.748 Executing VM operation: Cleanup
Event: 17.748 Executing VM operation: Cleanup done
Event: 18.672 Executing VM operation: G1CollectForAllocation (G1 Evacuation Pause)
Event: 18.674 Executing VM operation: G1CollectForAllocation (G1 Evacuation Pause) done
Event: 19.684 Executing VM operation: Cleanup
Event: 19.684 Executing VM operation: Cleanup done
Event: 20.690 Executing VM operation: Cleanup
Event: 20.690 Executing VM operation: Cleanup done
Event: 21.690 Executing VM operation: Cleanup
Event: 21.690 Executing VM operation: Cleanup done
Event: 22.696 Executing VM operation: Cleanup
Event: 22.696 Executing VM operation: Cleanup done

Memory protections (0 events):
No events

Nmethod flushes (20 events):
Event: 15.735 Thread 0x000001d7dde0cd30 flushing  nmethod 0x000001d7c6da2010
Event: 15.735 Thread 0x000001d7dde0cd30 flushing  nmethod 0x000001d7c6e0ce90
Event: 15.735 Thread 0x000001d7dde0cd30 flushing  nmethod 0x000001d7c6e0f410
Event: 15.735 Thread 0x000001d7dde0cd30 flushing  nmethod 0x000001d7c6e84b90
Event: 15.735 Thread 0x000001d7dde0cd30 flushing  nmethod 0x000001d7c6edf890
Event: 15.735 Thread 0x000001d7dde0cd30 flushing  nmethod 0x000001d7c6fe7210
Event: 15.735 Thread 0x000001d7dde0cd30 flushing  nmethod 0x000001d7c6ff4e90
Event: 15.735 Thread 0x000001d7dde0cd30 flushing  nmethod 0x000001d7c705d710
Event: 15.735 Thread 0x000001d7dde0cd30 flushing  nmethod 0x000001d7c705df10
Event: 15.735 Thread 0x000001d7dde0cd30 flushing  nmethod 0x000001d7c7063990
Event: 15.735 Thread 0x000001d7dde0cd30 flushing  nmethod 0x000001d7c7063e90
Event: 15.735 Thread 0x000001d7dde0cd30 flushing  nmethod 0x000001d7c6f4e610
Event: 15.735 Thread 0x000001d7dde0cd30 flushing  nmethod 0x000001d7c7065090
Event: 15.735 Thread 0x000001d7dde0cd30 flushing  nmethod 0x000001d7c7065410
Event: 15.735 Thread 0x000001d7dde0cd30 flushing  nmethod 0x000001d7c7066b90
Event: 15.735 Thread 0x000001d7dde0cd30 flushing  nmethod 0x000001d7c7068510
Event: 15.735 Thread 0x000001d7dde0cd30 flushing  nmethod 0x000001d7c7068890
Event: 15.735 Thread 0x000001d7dde0cd30 flushing  nmethod 0x000001d7c7068f10
Event: 15.735 Thread 0x000001d7dde0cd30 flushing  nmethod 0x000001d7c710f110
Event: 15.735 Thread 0x000001d7dde0cd30 flushing  nmethod 0x000001d7c7110510

Events (20 events):
Event: 2.350 Thread 0x000001d7e35addb0 Thread exited: 0x000001d7e35addb0
Event: 3.240 Thread 0x000001d7dea61bb0 Thread exited: 0x000001d7dea61bb0
Event: 3.242 Thread 0x000001d7e3750620 Thread added: 0x000001d7e3ebb2d0
Event: 3.243 Thread 0x000001d7e3750620 Thread added: 0x000001d7e3eba5b0
Event: 3.668 Loaded shared library C:\Users\norv\.skiko\dbbc4000b2fac87041fc3b9d72cde150b7becb45c29d2086da4411b731013cc6\skiko-windows-x64.dll
Event: 3.672 Thread 0x000001d7e3eb9890 Thread added: 0x000001d7e3eb9f20
Event: 3.673 Thread 0x000001d7e3eba5b0 Thread added: 0x000001d7e3eb7e50
Event: 3.959 Loaded shared library C:\Program Files\Android\Android Studio\jbr\bin\freetype.dll
Event: 3.961 Loaded shared library C:\Program Files\Android\Android Studio\jbr\bin\fontmanager.dll
Event: 4.760 Thread 0x000001d7e3eb77c0 Thread added: 0x000001d7e3ebede0
Event: 4.760 Thread 0x000001d7e3eb77c0 Thread added: 0x000001d7f0b0ae30
Event: 4.760 Thread 0x000001d7e3eb9890 Thread added: 0x000001d7f0b0a7a0
Event: 4.765 Thread 0x000001d7f0b0a7a0 Thread added: 0x000001d7f0b0b4c0
Event: 4.770 Thread 0x000001d7de8a4020 Thread added: 0x000001d7f0be48f0
Event: 5.168 Thread 0x000001d7e3eba5b0 Thread added: 0x000001d7f0b10a10
Event: 6.122 Thread 0x000001d7f0be48f0 Thread exited: 0x000001d7f0be48f0
Event: 23.377 Thread 0x000001d7e3750620 Thread added: 0x000001d7f0b0cf00
Event: 23.377 Thread 0x000001d7e3750620 Thread added: 0x000001d7f0b110a0
Event: 23.377 Thread 0x000001d7e3750620 Thread added: 0x000001d7e3ebe750
Event: 23.378 Thread 0x000001d7f0b110a0 Thread exited: 0x000001d7f0b110a0


Dynamic libraries:
0x00007ff6f8c10000 - 0x00007ff6f8c1a000 	C:\Program Files\Android\Android Studio\jbr\bin\java.exe
0x00007fff84ce0000 - 0x00007fff84f48000 	C:\WINDOWS\SYSTEM32\ntdll.dll
0x00007fff83da0000 - 0x00007fff83e69000 	C:\WINDOWS\System32\KERNEL32.DLL
0x00007fff824e0000 - 0x00007fff828d2000 	C:\WINDOWS\System32\KERNELBASE.dll
0x00007fff82160000 - 0x00007fff822ab000 	C:\WINDOWS\System32\ucrtbase.dll
0x00007fff7a520000 - 0x00007fff7a53b000 	C:\Program Files\Android\Android Studio\jbr\bin\VCRUNTIME140.dll
0x00007fff7ceb0000 - 0x00007fff7cec8000 	C:\Program Files\Android\Android Studio\jbr\bin\jli.dll
0x00007fff82ab0000 - 0x00007fff82c75000 	C:\WINDOWS\System32\USER32.dll
0x00007fff82340000 - 0x00007fff82367000 	C:\WINDOWS\System32\win32u.dll
0x00007fff71900000 - 0x00007fff71b93000 	C:\WINDOWS\WinSxS\amd64_microsoft.windows.common-controls_6595b64144ccf1df_6.0.26100.6899_none_3e0efeeae32e88c1\COMCTL32.dll
0x00007fff83fe0000 - 0x00007fff8400b000 	C:\WINDOWS\System32\GDI32.dll
0x00007fff84a10000 - 0x00007fff84ab9000 	C:\WINDOWS\System32\msvcrt.dll
0x00007fff828e0000 - 0x00007fff82a0d000 	C:\WINDOWS\System32\gdi32full.dll
0x00007fff82370000 - 0x00007fff82413000 	C:\WINDOWS\System32\msvcp_win.dll
0x00007fff83f90000 - 0x00007fff83fbf000 	C:\WINDOWS\System32\IMM32.DLL
0x00007fff7cea0000 - 0x00007fff7ceac000 	C:\Program Files\Android\Android Studio\jbr\bin\vcruntime140_1.dll
0x00007fff72a90000 - 0x00007fff72b1d000 	C:\Program Files\Android\Android Studio\jbr\bin\msvcp140.dll
0x00007fff0c7b0000 - 0x00007fff0d43b000 	C:\Program Files\Android\Android Studio\jbr\bin\server\jvm.dll
0x00007fff840d0000 - 0x00007fff84184000 	C:\WINDOWS\System32\ADVAPI32.dll
0x00007fff82d80000 - 0x00007fff82e26000 	C:\WINDOWS\System32\sechost.dll
0x00007fff83e70000 - 0x00007fff83f88000 	C:\WINDOWS\System32\RPCRT4.dll
0x00007fff83cf0000 - 0x00007fff83d64000 	C:\WINDOWS\System32\WS2_32.dll
0x00007fff81cd0000 - 0x00007fff81d2e000 	C:\WINDOWS\SYSTEM32\POWRPROF.dll
0x00007fff759a0000 - 0x00007fff759d5000 	C:\WINDOWS\SYSTEM32\WINMM.dll
0x00007fff75530000 - 0x00007fff7553b000 	C:\WINDOWS\SYSTEM32\VERSION.dll
0x00007fff81cb0000 - 0x00007fff81cc4000 	C:\WINDOWS\SYSTEM32\UMPDC.dll
0x00007fff80c40000 - 0x00007fff80c5b000 	C:\WINDOWS\SYSTEM32\kernel.appcore.dll
0x00007fff7a500000 - 0x00007fff7a50a000 	C:\Program Files\Android\Android Studio\jbr\bin\jimage.dll
0x00007fff759e0000 - 0x00007fff75c22000 	C:\WINDOWS\SYSTEM32\DBGHELP.DLL
0x00007fff84690000 - 0x00007fff84a0b000 	C:\WINDOWS\System32\combase.dll
0x00007fff82ff0000 - 0x00007fff830c7000 	C:\WINDOWS\System32\OLEAUT32.dll
0x00007fff6e390000 - 0x00007fff6e3cc000 	C:\WINDOWS\SYSTEM32\dbgcore.DLL
0x00007fff82a10000 - 0x00007fff82aa8000 	C:\WINDOWS\System32\bcryptPrimitives.dll
0x00007fff797a0000 - 0x00007fff797c0000 	C:\Program Files\Android\Android Studio\jbr\bin\java.dll
0x00007fff728f0000 - 0x00007fff72908000 	C:\Program Files\Android\Android Studio\jbr\bin\zip.dll
0x00007fff832c0000 - 0x00007fff83a0d000 	C:\WINDOWS\System32\SHELL32.dll
0x00007fff81ff0000 - 0x00007fff8215b000 	C:\WINDOWS\System32\wintypes.dll
0x00007fff7fb00000 - 0x00007fff8035d000 	C:\WINDOWS\SYSTEM32\windows.storage.dll
0x00007fff83120000 - 0x00007fff83212000 	C:\WINDOWS\System32\SHCORE.dll
0x00007fff84620000 - 0x00007fff84682000 	C:\WINDOWS\System32\shlwapi.dll
0x00007fff81d90000 - 0x00007fff81db9000 	C:\WINDOWS\SYSTEM32\profapi.dll
0x00007fff72a80000 - 0x00007fff72a90000 	C:\Program Files\Android\Android Studio\jbr\bin\net.dll
0x00007fff7ab50000 - 0x00007fff7ac6f000 	C:\WINDOWS\SYSTEM32\WINHTTP.dll
0x00007fff811b0000 - 0x00007fff8121b000 	C:\WINDOWS\system32\mswsock.dll
0x00007fff728d0000 - 0x00007fff728e6000 	C:\Program Files\Android\Android Studio\jbr\bin\nio.dll
0x00007fff68cb0000 - 0x00007fff68e48000 	C:\Program Files\Android\Android Studio\jbr\bin\awt.dll
0x00007fff7f430000 - 0x00007fff7f45d000 	C:\WINDOWS\SYSTEM32\dwmapi.dll
0x00007fff72880000 - 0x00007fff728c4000 	C:\Program Files\Android\Android Studio\jbr\bin\nvdaControllerClient64.dll
0x00007fff7efb0000 - 0x00007fff7f04f000 	C:\WINDOWS\SYSTEM32\apphelp.dll
0x00007fff7f1a0000 - 0x00007fff7f24a000 	C:\WINDOWS\system32\uxtheme.dll
0x00007fff83b10000 - 0x00007fff83c6b000 	C:\WINDOWS\System32\MSCTF.dll
0x00007fff82e30000 - 0x00007fff82fc8000 	C:\WINDOWS\System32\ole32.dll
0x00007fff81460000 - 0x00007fff8147b000 	C:\WINDOWS\SYSTEM32\CRYPTSP.dll
0x00007fff80ba0000 - 0x00007fff80bdb000 	C:\WINDOWS\system32\rsaenh.dll
0x00007fff81250000 - 0x00007fff8127b000 	C:\WINDOWS\SYSTEM32\USERENV.dll
0x00007fff81d60000 - 0x00007fff81d86000 	C:\WINDOWS\SYSTEM32\bcrypt.dll
0x00007fff81480000 - 0x00007fff8148c000 	C:\WINDOWS\SYSTEM32\CRYPTBASE.dll
0x00007fff80660000 - 0x00007fff80694000 	C:\WINDOWS\SYSTEM32\IPHLPAPI.DLL
0x00007fff83fd0000 - 0x00007fff83fda000 	C:\WINDOWS\System32\NSI.dll
0x00007fff72740000 - 0x00007fff72749000 	C:\Program Files\Android\Android Studio\jbr\bin\extnet.dll
0x00007fff7f070000 - 0x00007fff7f09a000 	C:\WINDOWS\system32\Wtsapi32.dll
0x00007fff81e70000 - 0x00007fff81fe7000 	C:\WINDOWS\System32\CRYPT32.dll
0x00007fff80ee0000 - 0x00007fff80f29000 	C:\WINDOWS\SYSTEM32\SspiCli.dll
0x00007fff81a80000 - 0x00007fff81ae3000 	C:\WINDOWS\SYSTEM32\WINSTA.dll
0x00007fff372b0000 - 0x00007fff373bc000 	C:\WINDOWS\system32\opengl32.dll
0x00007fff37e50000 - 0x00007fff37e7d000 	C:\WINDOWS\SYSTEM32\GLU32.dll
0x00007fff7f470000 - 0x00007fff7f4b4000 	C:\WINDOWS\SYSTEM32\dxcore.dll
0x00007ffef42b0000 - 0x00007ffef4ed1000 	C:\Users\norv\.skiko\dbbc4000b2fac87041fc3b9d72cde150b7becb45c29d2086da4411b731013cc6\skiko-windows-x64.dll
0x00007fff7cfb0000 - 0x00007fff7d0b4000 	C:\WINDOWS\SYSTEM32\PROPSYS.dll
0x00007fff7d930000 - 0x00007fff7db97000 	C:\WINDOWS\SYSTEM32\dwrite.dll
0x00007fff5cda0000 - 0x00007fff5cf79000 	C:\WINDOWS\WinSxS\amd64_microsoft.windows.gdiplus_6595b64144ccf1df_1.1.26100.6725_none_6ef34b0e3dc6ea59\gdiplus.dll
0x00007fff727f0000 - 0x00007fff72877000 	C:\Program Files\Android\Android Studio\jbr\bin\freetype.dll
0x00007fff72510000 - 0x00007fff725ee000 	C:\Program Files\Android\Android Studio\jbr\bin\fontmanager.dll
0x00007fff84010000 - 0x00007fff840c1000 	C:\WINDOWS\System32\clbcatq.dll
0x00007fff7d6f0000 - 0x00007fff7d920000 	C:\WINDOWS\SYSTEM32\WindowsCodecs.dll
0x00007fff79dd0000 - 0x00007fff79dd7000 	C:\Program Files\Android\Android Studio\jbr\bin\jawt.dll
0x00007fff72dd0000 - 0x00007fff72dea000 	C:\WINDOWS\SYSTEM32\windows.staterepositorycore.dll
0x00007fff36700000 - 0x00007fff36730000 	C:\WINDOWS\System32\DriverStore\FileRepository\u0418637.inf_amd64_4462a7afa694670e\B418564\atig6pxx.dll
0x00007fff01380000 - 0x00007fff0519f000 	C:\WINDOWS\System32\DriverStore\FileRepository\u0418637.inf_amd64_4462a7afa694670e\B418564\atio6axx.dll
0x00007fff84190000 - 0x00007fff84618000 	C:\WINDOWS\System32\SETUPAPI.dll
0x00007fff819c0000 - 0x00007fff819ed000 	C:\WINDOWS\SYSTEM32\DEVOBJ.dll
0x00007fff81a10000 - 0x00007fff81a67000 	C:\WINDOWS\SYSTEM32\cfgmgr32.dll
0x00007fff822b0000 - 0x00007fff8232f000 	C:\WINDOWS\System32\WINTRUST.dll
0x00007fff814d0000 - 0x00007fff814e3000 	C:\WINDOWS\SYSTEM32\MSASN1.dll
0x00007fff75270000 - 0x00007fff752ac000 	C:\WINDOWS\System32\DriverStore\FileRepository\u0418637.inf_amd64_4462a7afa694670e\B418564\amdihk64.dll
0x00007fff679f0000 - 0x00007fff67b3a000 	C:\WINDOWS\SYSTEM32\textinputframework.dll
0x00007fff7eb80000 - 0x00007fff7eca5000 	C:\WINDOWS\System32\CoreMessaging.dll

dbghelp: loaded successfully - version: 4.0.5 - missing functions: none
symbol engine: initialized successfully - sym options: 0x614 - pdb path: .;C:\Program Files\Android\Android Studio\jbr\bin;C:\WINDOWS\SYSTEM32;C:\WINDOWS\WinSxS\amd64_microsoft.windows.common-controls_6595b64144ccf1df_6.0.26100.6899_none_3e0efeeae32e88c1;C:\Program Files\Android\Android Studio\jbr\bin\server;C:\Users\norv\.skiko\dbbc4000b2fac87041fc3b9d72cde150b7becb45c29d2086da4411b731013cc6;C:\WINDOWS\WinSxS\amd64_microsoft.windows.gdiplus_6595b64144ccf1df_1.1.26100.6725_none_6ef34b0e3dc6ea59;C:\WINDOWS\System32\DriverStore\FileRepository\u0418637.inf_amd64_4462a7afa694670e\B418564

VM Arguments:
jvm_args: -Dskiko.renderApi=OPENGL -Dcompose.reload.orchestration.port=57211 -Dcompose.reload.pidFile=C:\Projects\listen\composeApp\build\run\jvmMain\jvmMain.pid -Dcompose.reload.argfile=C:\Projects\listen\composeApp\build\run\jvmMain\jvmMain.argfile -Dcompose.reload.mainClass=com.github.kelvenfellipe.listen.MainKt -Dcompose.reload.buildSystem=Gradle -Dorg.gradle.java.home=C:\Program Files\Android\Android Studio\jbr -Dgradle.build.root=C:\Projects\listen -Dgradle.build.project=:composeApp -Dgradle.build.task=hotReloadJvmMain -Dcompose.reload.build.continuous=true -Dcompose.reload.devToolsEnabled=true -Dcompose.reload.devToolsHeadless=false -Dcompose.reload.devToolsTransparencyEnabled=true -Dcompose.reload.devToolsDetached=false -Dcompose.reload.parentPid=15368 -Dcompose.reload.launchMode=GradleBlocking -Dcompose.reload.logLevel=Info -Dcompose.reload.logStdout=false -Dcompose.reload.resourcesDirtyResolverEnabled=false 
java_command: org.jetbrains.compose.devtools.Main
java_class_path (initial): C:\Users\norv\.gradle\caches\modules-2\files-2.1\org.jetbrains.compose.hot-reload\hot-reload-devtools\1.0.0-beta04\dc7cfa1b17378d88072c69ab525a87fdf4ef5207\hot-reload-devtools-1.0.0-beta04.jar;C:\Users\norv\.gradle\caches\modules-2\files-2.1\org.jetbrains.compose.hot-reload\hot-reload-devtools-api\1.0.0-beta04\226727c06f27ba4d327519ec76bbdfb3c0259cd1\hot-reload-devtools-api-1.0.0-beta04.jar;C:\Users\norv\.gradle\caches\modules-2\files-2.1\org.jetbrains.compose.hot-reload\hot-reload-orchestration\1.0.0-beta04\35cfb5d17c4773f4540b40a75927c37db4023236\hot-reload-orchestration-1.0.0-beta04.jar;C:\Users\norv\.gradle\caches\modules-2\files-2.1\org.jetbrains.compose.hot-reload\hot-reload-core\1.0.0-beta04\1b032b4dfc930f71cc116259519f1e703084a3c\hot-reload-core-1.0.0-beta04.jar;C:\Users\norv\.gradle\caches\modules-2\files-2.1\org.jetbrains.compose.hot-reload\hot-reload-runtime-api-jvm\1.0.0-beta04\772485c5abb5cc578ad8e3889615ed17187671af\hot-reload-runtime-api-jvm-1.0.0-beta04.jar;C:\Users\norv\.gradle\caches\modules-2\files-2.1\org.jetbrains.compose.desktop\desktop-jvm\1.8.2\61be96a019ac35e8751b08b33856344a24586648\desktop-jvm-1.8.2.jar;C:\Users\norv\.gradle\caches\modules-2\files-2.1\org.jetbrains.compose.material3\material3-desktop\1.8.2\1f1f838506ceb2c25499517559f120517770b014\material3-desktop-1.8.2.jar;C:\Users\norv\.gradle\caches\modules-2\files-2.1\org.jetbrains.compose.components\components-resources-desktop\1.8.2\10110d785f486bc13235f40e1d0b91a48b5f3ee6\library-desktop-1.8.2.jar;C:\Users\norv\.gradle\caches\modules-2\files-2.1\io.sellmair\evas-compose-jvm\1.3.0\1214dcce9040d1b9f856b02b443cf8c2ebe1573a\evas-compose-jvm-1.3.0.jar;C:\Users\norv\.gradle\caches\modules-2\files-2.1\org.jetbrains.compose.material\material-desktop\1.8.2\7aae6f749a060718d931957a27d495f26b2d4f37\material-desktop-1.8.2.jar;C:\Users\norv\.gradle\caches\modules-2\files-2.1\org.jetbrains.compose.material\material-ripple-desktop\1.8.2\5c9c96a95930f802de1b611fb610db4a0eff49cf\material-ripple-desktop-1.8.2.jar;C:\Users\norv\.gradle\caches\modules-2\files-2.1\org.jetbrains.compose.foundation\foundation-desktop\1.8.2\a251fa6042a2647206fb47795485a1ad07a69dd6\foundation-desktop-1.8.2.jar;C:\Users\norv\.gradle\caches\modules-2\files-2.1\org.jetbrains.compose.material\material-icons-core-desktop\1.7.3\414b3096050fe647b0638832eace80f22c06b85c\material-icons-core-desktop-1.7.3.jar;C:\Users\norv\.gradle\caches\modules-2\files-2.1\org.jetbrains.compose.animation\animation-desktop\1.8.2\84109f752086843a85325f8aeffa2302b312c948\animation-desktop-1.8.2.jar;C:\Users\norv\.gradle\caches\modules-2\files-2.1\org.jetbrains.compose.animation\animation-core-desktop\1.8.2\ff4a236b5e86b2e12449ae75755048d1a2a99102\animation-core-desktop-1.8.2.jar;C:\Users\norv\.gradle\caches\modules-2\files-2.1\org.jetbrains.compose.foundation\foundation-layout-desktop\1.8.2\726fa1c81f73f76e89383ada6d9b61fc71bcf07c\foundation-layout-desktop-1.8.2.jar;C:\Users\norv\.gradle\caches\modules-2\files-2.1\org.jetbrains.compose.ui\ui-desktop\1.8.2\703540d8fb0705482a06efcf765dcf8f2c1860ab\ui-desktop-1.8.2.jar;C:\Users\norv\.gradle\caches\modules-2\files-2.1\org.jetbrains.compose.ui\ui-tooling-preview-desktop\1.8.2\7e1d509da90394d063aef5b444bf218024b13250\ui-tooling-preview-desktop-1.8.2.jar;C:\Users\norv\.gradle\caches\modules-2\files-2.1\org.jetbrains.compose.ui\ui-backhandler-desktop\1.8.2\ea4812b145ca9acd8e773aaf645a03873c06b258\ui-backhandler-desktop-1.8.2.jar;C:\Users\norv\.gradle\caches\modules-2\files-2.1\org.jetbrains.compose.ui\ui-text-desktop\1.8.2\9db545dedb30354f4f9fedce25d58d804eecfbd2\ui-text-desktop-1.8.2.jar;C:\Users\norv\.gradle\caches\modules-2\files-2.1\org.jetbrains.compose.ui\ui-graphics-desktop\1.8.2\bca771ce391f6f410089f9b68e4af0c53996fcb6\ui-graphics-desktop-1.8.2.jar;C:\Users\norv\.gradle\caches\modules-2\files-2.1\org.jetbrains.compose.ui\ui-unit-desktop\1.8.2\65eee0086e59109657cc7a7ad7569e1be78f1a93\ui-unit-desktop-1.8.2.jar;C:\Users\norv\.gradle\caches\modules-2\files-2.1\org.jetbrains.androidx.lifecycle\lifecycle-runtime-compose-desktop\2.8.4\e950e2a504a045ac652718dc20e736f28c5ff4c2\lifecycle-runtime-compose-desktop-2.8.4.jar;C:\Users\norv\.gradle\caches\modules-2\files-2.1\org.jetbrains.compose.runtime\runtime-saveable-desktop\1.8.2\952c9bfa714b76d73d2cd872ced4d3b58a7dc7c\runtime-saveable-desktop-1.8.2.jar;C:\Users\norv\.gradle\caches\modules-2\files-2.1\org.jetbrains.compose.ui\ui-geometry-desktop\1.8.2\6301b97db2ec7ea140bf185f0712891cfa1f480d\ui-geometry-desktop-1.8.2.jar;C:\Users\norv\.gradle\caches\modules-2\files-2.1\org.jetbrains.compose.runtime\runtime-desktop\1.8.2\7a1668d4c5899a12dae59f4ecc805c3179333538\runtime-desktop-1.8.2.jar;C:\Users\norv\.gradle\caches\modules-2\files-2.1\io.sellmair\evas-jvm\1.3.0\74c1f6c46502ffda615a698c02b3166fc7e9b2b2\evas-jvm-1.3.0.jar;C:\Users\norv\.gradle\caches\modules-2\files-2.1\org.jetbrains.skiko\skiko-awt-runtime-windows-x64\0.9.4.2\fac06bd2c94db6c4eeb9f44e64290a38e9246da0\skiko-awt-runtime-windows-x64-0.9.4.2.jar;C:\Users\norv\.gradle\caches\modules-2\files-2.1\org.jetbrains.skiko\skiko-awt\0.9.4.2\1c5d9ec55031cef90d7874c20f001b179a0f656c\skiko-awt-0.9.4.2.jar;C:\Users\norv\.gradle\caches\modules-2\files-2.1\androidx.lifecycle\lifecycle-viewmodel-desktop\2.8.5\572f6fed6a70c5d87c9a0d17d05828ff1a6f19f8\lifecycle-viewmodel-desktop-2.8.5.jar;C:\Users\norv\.gradle\caches\modules-2\files-2.1\androidx.lifecycle\lifecycle-runtime-desktop\2.8.5\fed8b9973735cbe77645edf153d5f7bb412bfd45\lifecycle-runtime-desktop-2.8.5.jar;C:\Users\norv\.gradle\caches\modules-2\files-2.1\androidx.lifecycle\lifecycle-common-jvm\2.8.5\7174a594afb73a9ad9ac9074ce78b94af3cc52a7\lifecycle-common-jvm-2.8.5.jar;C:\Users\norv\.gradle\caches\modules-2\files-2.1\org.jetbrains.kotlinx\kotlinx-coroutines-core-jvm\1.10.2\4a9f78ef49483748e2c129f3d124b8fa249dafbf\kotlinx-coroutines-core-jvm-1.10.2.jar;C:\Users\norv\.gradle\caches\modules-2\files-2.1\org.jetbrains.kotlinx\kotlinx-coroutines-swing\1.10.2\ccb5a2e7c83fa76da0ba4677f05678d3bd3eed57\kotlinx-coroutines-swing-1.10.2.jar;C:\Users\norv\.gradle\caches\modules-2\files-2.1\org.jetbrains.kotlinx\kotlinx-datetime-jvm\0.6.2\f177b43ce53f69151797206ce762b36199692474\kotlinx-datetime-jvm-0.6.2.jar;C:\Users\norv\.gradle\caches\modules-2\files-2.1\org.jetbrains.compose.hot-reload\hot-reload-annotations-jvm\1.0.0-beta04\4415c0b1c8ae02cd1f03aa6ce21ee2753407c22f\hot-reload-annotations-jvm-1.0.0-beta04.jar;C:\Users\norv\.gradle\caches\modules-2\files-2.1\org.jetbrains.compose.ui\ui-util-desktop\1.8.2\2a882d6cfc3d1228c1284ca34a2ebfc2b5ca3815\ui-util-desktop-1.8.2.jar;C:\Users\norv\.gradle\caches\modules-2\files-2.1\org.jetbrains.kotlin\kotlin-stdlib-jdk8\2.1.21\fb62497994f5cfa4ad41fcff05020c35976307c6\kotlin-stdlib-jdk8-2.1.21.jar;C:\Users\norv\.gradle\caches\modules-2\files-2.1\org.jetbrains.kotlinx\atomicfu-jvm\0.23.2\a4601dc42dceb031a586058e8356ff778a57dea0\atomicfu-jvm-0.23.2.jar;C:\Users\norv\.gradle\caches\modules-2\files-2.1\org.jetbrains.kotlin\kotlin-stdlib-jdk7\2.1.21\f5e72fe5f9501e0d27ec633beb3996c29641b877\kotlin-stdlib-jdk7-2.1.21.jar;C:\Users\norv\.gradle\caches\modules-2\files-2.1\androidx.collection\collection-jvm\1.5.0\7ba2c69414d46ebc2dd76598bdd0a75c54281a57\collection-jvm-1.5.0.jar;C:\Users\norv\.gradle\caches\modules-2\files-2.1\androidx.arch.core\core-common\2.2.0\5e1b8b81dfd5f52c56a8d53b18ca759c19a301f3\core-common-2.2.0.jar;C:\Users\norv\.gradle\caches\modules-2\files-2.1\androidx.annotation\annotation-jvm\1.9.1\b17951747e38bf3986a24431b9ba0d039958aa5f\annotation-jvm-1.9.1.jar;C:\Users\norv\.gradle\caches\modules-2\files-2.1\org.jetbrains.kotlin\kotlin-stdlib\2.1.21\97a0975aa19d925e109537af60eb46902920015c\kotlin-stdlib-2.1.21.jar;C:\Users\norv\.gradle\caches\modules-2\files-2.1\org.jetbrains\annotations\23.0.0\8cc20c07506ec18e0834947b84a864bfc094484e\annotations-23.0.0.jar
Launcher Type: SUN_STANDARD

[Global flags]
     intx CICompilerCount                          = 4                                         {product} {ergonomic}
     uint ConcGCThreads                            = 3                                         {product} {ergonomic}
     uint G1ConcRefinementThreads                  = 10                                        {product} {ergonomic}
   size_t G1HeapRegionSize                         = 2097152                                   {product} {ergonomic}
    uintx GCDrainStackTargetSize                   = 64                                        {product} {ergonomic}
   size_t InitialHeapSize                          = 268435456                                 {product} {ergonomic}
   size_t MarkStackSize                            = 4194304                                   {product} {ergonomic}
   size_t MaxHeapSize                              = 4284481536                                {product} {ergonomic}
   size_t MaxNewSize                               = 2569011200                                {product} {ergonomic}
   size_t MinHeapDeltaBytes                        = 2097152                                   {product} {ergonomic}
   size_t MinHeapSize                              = 8388608                                   {product} {ergonomic}
    uintx NonNMethodCodeHeapSize                   = 5839372                                {pd product} {ergonomic}
    uintx NonProfiledCodeHeapSize                  = 122909434                              {pd product} {ergonomic}
    uintx ProfiledCodeHeapSize                     = 122909434                              {pd product} {ergonomic}
    uintx ReservedCodeCacheSize                    = 251658240                              {pd product} {ergonomic}
     bool SegmentedCodeCache                       = true                                      {product} {ergonomic}
   size_t SoftMaxHeapSize                          = 4284481536                             {manageable} {ergonomic}
     bool UseCompressedOops                        = true                           {product lp64_product} {ergonomic}
     bool UseG1GC                                  = true                                      {product} {ergonomic}
     bool UseLargePagesIndividualAllocation        = false                                  {pd product} {ergonomic}

Logging:
Log output configuration:
 #0: stdout all=warning uptime,level,tags foldmultilines=false
 #1: stderr all=off uptime,level,tags foldmultilines=false

Environment Variables:
PATH=C:\Program Files (x86)\Common Files\Oracle\Java\java8path;C:\Program Files (x86)\Common Files\Oracle\Java\javapath;C:\WINDOWS\system32;C:\WINDOWS;C:\WINDOWS\System32\Wbem;C:\WINDOWS\System32\WindowsPowerShell\v1.0\;C:\WINDOWS\System32\OpenSSH\;C:\Program Files\nodejs\;C:\Program Files\Git\cmd;C:\Users\norv\AppData\Local\Android\Sdk\platform-tools;C:\Users\norv\.console-ninja\.bin;C:\Users\norv\AppData\Local\Microsoft\WindowsApps;C:\Users\norv\AppData\Local\Programs\Microsoft VS Code\bin;C:\Users\norv\AppData\Roaming\npm;C:\Users\norv\AppData\Local\GitHubDesktop\bin;C:\Program Files\JetBrains\IntelliJ IDEA Community Edition 2025.2\bin
USERNAME=norv
OS=Windows_NT
PROCESSOR_IDENTIFIER=AMD64 Family 23 Model 1 Stepping 1, AuthenticAMD
TMP=C:\Users\norv\AppData\Local\Temp
TEMP=C:\Users\norv\AppData\Local\Temp




Periodic native trim disabled

JNI global refs:
JNI global refs: 144, weak refs: 15

JNI global refs memory usage: 2099, weak refs: 833

Process memory usage:
Resident Set Size: 261584K (1% of 16730080K total physical memory with 2865532K free physical memory)

OOME stack traces (most recent first):
Classloader memory used:
Loader bootstrap                                                                       : 19695K
Loader jdk.internal.loader.ClassLoaders$AppClassLoader                                 : 18669K
Loader jdk.internal.reflect.DelegatingClassLoader                                      : 44880B

---------------  S Y S T E M  ---------------

OS:
 Windows 11 , 64 bit Build 26100 (10.0.26100.6725)
OS uptime: 0 days 19:43 hours

CPU: total 12 (initial active 12) (12 cores per cpu, 2 threads per core) family 23 model 1 stepping 1 microcode 0x8001138, cx8, cmov, fxsr, ht, mmx, 3dnowpref, sse, sse2, sse3, ssse3, sse4a, sse4.1, sse4.2, popcnt, lzcnt, tsc, tscinvbit, avx, avx2, aes, clmul, bmi1, bmi2, adx, sha, fma, vzeroupper, clflush, clflushopt, rdtscp, f16c
Processor Information for the first 12 processors :
  Max Mhz: 3200, Current Mhz: 3200, Mhz Limit: 3200

Memory: 4k page, system-wide physical 16337M (2798M free)
TotalPageFile size 36817M (AvailPageFile size 8225M)
current process WorkingSet (physical memory assigned to process): 255M, peak: 280M
current process commit charge ("private bytes"): 432M, peak: 461M

vm_info: OpenJDK 64-Bit Server VM (21.0.6+-13391695-b895.109) for windows-amd64 JRE (21.0.6+-13391695-b895.109), built on 2025-04-22T21:19:17Z by "builder" with MS VC++ 16.10 / 16.11 (VS2019)

END.
